id,material,content,image_path,annotation_path,annotation_rgb_path,width,height
cljmrkz5n341f07clcujw105j,Parchment,Artistic depiction,images/cljmrkz5n341f07clcujw105j.png,annotations/cljmrkz5n341f07clcujw105j.png,annotations_rgb/cljmrkz5n341f07clcujw105j.png,510,512
cljmrkz5n341j07cl3vqi38b4,Film emulsion,Photographic depiction,images/cljmrkz5n341j07cl3vqi38b4.png,annotations/cljmrkz5n341j07cl3vqi38b4.png,annotations_rgb/cljmrkz5n341j07cl3vqi38b4.png,512,325
cljmrkz5n341n07clf1u410ed,Parchment,Artistic depiction,images/cljmrkz5n341n07clf1u410ed.png,annotations/cljmrkz5n341n07clf1u410ed.png,annotations_rgb/cljmrkz5n341n07clf1u410ed.png,442,512
cljmrkz5n341r07clhl93dpre,Parchment,Artistic depiction,images/cljmrkz5n341r07clhl93dpre.png,annotations/cljmrkz5n341r07clhl93dpre.png,annotations_rgb/cljmrkz5n341r07clhl93dpre.png,512,371
cljmrkz5n341v07cl2gfhd6zj,Parchment,Artistic depiction,images/cljmrkz5n341v07cl2gfhd6zj.png,annotations/cljmrkz5n341v07cl2gfhd6zj.png,annotations_rgb/cljmrkz5n341v07cl2gfhd6zj.png,512,327
cljmrkz5n341z07cldbn01un3,Parchment,Artistic depiction,images/cljmrkz5n341z07cldbn01un3.png,annotations/cljmrkz5n341z07cldbn01un3.png,annotations_rgb/cljmrkz5n341z07cldbn01un3.png,358,512
cljmrkz5n342307cld67j5lo9,Film emulsion,Photographic depiction,images/cljmrkz5n342307cld67j5lo9.png,annotations/cljmrkz5n342307cld67j5lo9.png,annotations_rgb/cljmrkz5n342307cld67j5lo9.png,512,323
cljmrkz5n342707clfdn0dyq8,Film emulsion,Photographic depiction,images/cljmrkz5n342707clfdn0dyq8.png,annotations/cljmrkz5n342707clfdn0dyq8.png,annotations_rgb/cljmrkz5n342707clfdn0dyq8.png,512,439
cljmrkz5n342b07clg8x59f0j,Glass,Photographic depiction,images/cljmrkz5n342b07clg8x59f0j.png,annotations/cljmrkz5n342b07clg8x59f0j.png,annotations_rgb/cljmrkz5n342b07clg8x59f0j.png,512,343
cljmrkz5o342j07cl7co6e10p,Parchment,Line art,images/cljmrkz5o342j07cl7co6e10p.png,annotations/cljmrkz5o342j07cl7co6e10p.png,annotations_rgb/cljmrkz5o342j07cl7co6e10p.png,512,383
cljmrkz5o342n07cl9u9z3k0a,Paper,Photographic depiction,images/cljmrkz5o342n07cl9u9z3k0a.png,annotations/cljmrkz5o342n07cl9u9z3k0a.png,annotations_rgb/cljmrkz5o342n07cl9u9z3k0a.png,371,512
cljmrkz5o342r07cld52h42ad,Paper,Artistic depiction,images/cljmrkz5o342r07cld52h42ad.png,annotations/cljmrkz5o342r07cld52h42ad.png,annotations_rgb/cljmrkz5o342r07cld52h42ad.png,512,354
cljmrkz5o342v07cl40du69e1,Paper,Artistic depiction,images/cljmrkz5o342v07cl40du69e1.png,annotations/cljmrkz5o342v07cl40du69e1.png,annotations_rgb/cljmrkz5o342v07cl40du69e1.png,341,512
cljmrkz5o342z07cl8p365aai,Paper,Photographic depiction,images/cljmrkz5o342z07cl8p365aai.png,annotations/cljmrkz5o342z07cl8p365aai.png,annotations_rgb/cljmrkz5o342z07cl8p365aai.png,377,512
cljmrkz5o343307cl4wl212jr,Film emulsion,Photographic depiction,images/cljmrkz5o343307cl4wl212jr.png,annotations/cljmrkz5o343307cl4wl212jr.png,annotations_rgb/cljmrkz5o343307cl4wl212jr.png,342,512
cljmrkz5o343707cl7rf938vc,Paper,Photographic depiction,images/cljmrkz5o343707cl7rf938vc.png,annotations/cljmrkz5o343707cl7rf938vc.png,annotations_rgb/cljmrkz5o343707cl7rf938vc.png,398,512
cljmrkz5o343b07cl76c6eruz,Glass,Photographic depiction,images/cljmrkz5o343b07cl76c6eruz.png,annotations/cljmrkz5o343b07cl76c6eruz.png,annotations_rgb/cljmrkz5o343b07cl76c6eruz.png,390,512
cljmrkz5o343f07cl3nri7qcd,Glass,Photographic depiction,images/cljmrkz5o343f07cl3nri7qcd.png,annotations/cljmrkz5o343f07cl3nri7qcd.png,annotations_rgb/cljmrkz5o343f07cl3nri7qcd.png,512,365
cljmrkz5o343j07clfewmckos,Glass,Photographic depiction,images/cljmrkz5o343j07clfewmckos.png,annotations/cljmrkz5o343j07clfewmckos.png,annotations_rgb/cljmrkz5o343j07clfewmckos.png,512,367
cljmrkz5o343n07cldrqea1w6,Tesserae,Artistic depiction,images/cljmrkz5o343n07cldrqea1w6.png,annotations/cljmrkz5o343n07cldrqea1w6.png,annotations_rgb/cljmrkz5o343n07cldrqea1w6.png,512,466
cljmrkz5o343r07cl86iw084r,Tesserae,Artistic depiction,images/cljmrkz5o343r07cl86iw084r.png,annotations/cljmrkz5o343r07cl86iw084r.png,annotations_rgb/cljmrkz5o343r07cl86iw084r.png,512,384
cljmrkz5o343v07cl6r8n95a2,Tesserae,Artistic depiction,images/cljmrkz5o343v07cl6r8n95a2.png,annotations/cljmrkz5o343v07cl6r8n95a2.png,annotations_rgb/cljmrkz5o343v07cl6r8n95a2.png,512,504
cljmrkz5o343z07clcfpnhem1,Tesserae,Artistic depiction,images/cljmrkz5o343z07clcfpnhem1.png,annotations/cljmrkz5o343z07clcfpnhem1.png,annotations_rgb/cljmrkz5o343z07clcfpnhem1.png,512,256
cljmrkz5o344307cl4g8lcvaq,Tesserae,Artistic depiction,images/cljmrkz5o344307cl4g8lcvaq.png,annotations/cljmrkz5o344307cl4g8lcvaq.png,annotations_rgb/cljmrkz5o344307cl4g8lcvaq.png,512,424
cljmrkz5o344707cl83okbrdd,Tesserae,Artistic depiction,images/cljmrkz5o344707cl83okbrdd.png,annotations/cljmrkz5o344707cl83okbrdd.png,annotations_rgb/cljmrkz5o344707cl83okbrdd.png,512,329
cljmrkz5p344b07cl0cssb4j9,Tesserae,Artistic depiction,images/cljmrkz5p344b07cl0cssb4j9.png,annotations/cljmrkz5p344b07cl0cssb4j9.png,annotations_rgb/cljmrkz5p344b07cl0cssb4j9.png,341,512
cljmrkz5p344f07cl472439rn,Tesserae,Artistic depiction,images/cljmrkz5p344f07cl472439rn.png,annotations/cljmrkz5p344f07cl472439rn.png,annotations_rgb/cljmrkz5p344f07cl472439rn.png,493,512
cljmrkz5p344j07clfv6xb6m9,Tesserae,Artistic depiction,images/cljmrkz5p344j07clfv6xb6m9.png,annotations/cljmrkz5p344j07clfv6xb6m9.png,annotations_rgb/cljmrkz5p344j07clfv6xb6m9.png,512,379
cljmrkz5p344n07cl2br0b2z4,Tesserae,Artistic depiction,images/cljmrkz5p344n07cl2br0b2z4.png,annotations/cljmrkz5p344n07cl2br0b2z4.png,annotations_rgb/cljmrkz5p344n07cl2br0b2z4.png,432,512
cljmrkz5p344v07cl60a99gwt,Tesserae,Artistic depiction,images/cljmrkz5p344v07cl60a99gwt.png,annotations/cljmrkz5p344v07cl60a99gwt.png,annotations_rgb/cljmrkz5p344v07cl60a99gwt.png,512,338
cljmrkz5p344z07clg6h3glo1,Tesserae,Artistic depiction,images/cljmrkz5p344z07clg6h3glo1.png,annotations/cljmrkz5p344z07clg6h3glo1.png,annotations_rgb/cljmrkz5p344z07clg6h3glo1.png,341,512
cljmrkz5p345307cl0w1t1xfu,Tesserae,Artistic depiction,images/cljmrkz5p345307cl0w1t1xfu.png,annotations/cljmrkz5p345307cl0w1t1xfu.png,annotations_rgb/cljmrkz5p345307cl0w1t1xfu.png,512,384
cljmrkz5p345707clhhjc8gir,Tesserae,Artistic depiction,images/cljmrkz5p345707clhhjc8gir.png,annotations/cljmrkz5p345707clhhjc8gir.png,annotations_rgb/cljmrkz5p345707clhhjc8gir.png,512,341
cljmrkz5p345b07cl2wsyabuu,Tesserae,Artistic depiction,images/cljmrkz5p345b07cl2wsyabuu.png,annotations/cljmrkz5p345b07cl2wsyabuu.png,annotations_rgb/cljmrkz5p345b07cl2wsyabuu.png,512,427
cljmrkz5p345f07cl0jqw5gen,Tesserae,Artistic depiction,images/cljmrkz5p345f07cl0jqw5gen.png,annotations/cljmrkz5p345f07cl0jqw5gen.png,annotations_rgb/cljmrkz5p345f07cl0jqw5gen.png,512,298
cljmrkz5p345j07clfka23qd0,Paper,Artistic depiction,images/cljmrkz5p345j07clfka23qd0.png,annotations/cljmrkz5p345j07clfka23qd0.png,annotations_rgb/cljmrkz5p345j07clfka23qd0.png,263,512
cljmrkz5p345n07cla6dyhbbx,Canvas,Artistic depiction,images/cljmrkz5p345n07cla6dyhbbx.png,annotations/cljmrkz5p345n07cla6dyhbbx.png,annotations_rgb/cljmrkz5p345n07cla6dyhbbx.png,422,512
cljmrkz5p345r07cl3kjw4dd0,Canvas,Artistic depiction,images/cljmrkz5p345r07cl3kjw4dd0.png,annotations/cljmrkz5p345r07cl3kjw4dd0.png,annotations_rgb/cljmrkz5p345r07cl3kjw4dd0.png,405,512
cljmrkz5p345v07clb538dvv7,Canvas,Artistic depiction,images/cljmrkz5p345v07clb538dvv7.png,annotations/cljmrkz5p345v07clb538dvv7.png,annotations_rgb/cljmrkz5p345v07clb538dvv7.png,412,512
cljmrkz5p345z07clgeqi8bns,Canvas,Artistic depiction,images/cljmrkz5p345z07clgeqi8bns.png,annotations/cljmrkz5p345z07clgeqi8bns.png,annotations_rgb/cljmrkz5p345z07clgeqi8bns.png,512,319
cljmrkz5p346307cl4a1i4oeo,Film emulsion,Photographic depiction,images/cljmrkz5p346307cl4a1i4oeo.png,annotations/cljmrkz5p346307cl4a1i4oeo.png,annotations_rgb/cljmrkz5p346307cl4a1i4oeo.png,512,356
cljmrkz5q346707cl6tvc0w7p,Glass,Photographic depiction,images/cljmrkz5q346707cl6tvc0w7p.png,annotations/cljmrkz5q346707cl6tvc0w7p.png,annotations_rgb/cljmrkz5q346707cl6tvc0w7p.png,511,376
cljmrkz5q346b07clf54903il,Lime plaster,Artistic depiction,images/cljmrkz5q346b07clf54903il.png,annotations/cljmrkz5q346b07clf54903il.png,annotations_rgb/cljmrkz5q346b07clf54903il.png,512,341
cljmrkz5s346f07clgaq19eia,Tesserae,Artistic depiction,images/cljmrkz5s346f07clgaq19eia.png,annotations/cljmrkz5s346f07clgaq19eia.png,annotations_rgb/cljmrkz5s346f07clgaq19eia.png,512,294
cljzkhh6i0itg07bchjpa904i,Paper,Artistic depiction,images/cljzkhh6i0itg07bchjpa904i.png,annotations/cljzkhh6i0itg07bchjpa904i.png,annotations_rgb/cljzkhh6i0itg07bchjpa904i.png,512,384
cljzkhh6i0itk07bcelhe1clt,Parchment,Artistic depiction,images/cljzkhh6i0itk07bcelhe1clt.png,annotations/cljzkhh6i0itk07bcelhe1clt.png,annotations_rgb/cljzkhh6i0itk07bcelhe1clt.png,396,512
cljzkhh6i0ito07bc93gmfw9z,Textile,Geometric patterns,images/cljzkhh6i0ito07bc93gmfw9z.png,annotations/cljzkhh6i0ito07bc93gmfw9z.png,annotations_rgb/cljzkhh6i0ito07bc93gmfw9z.png,408,512
cljzkhh6i0its07bcabxx2avn,Parchment,Artistic depiction,images/cljzkhh6i0its07bcabxx2avn.png,annotations/cljzkhh6i0its07bcabxx2avn.png,annotations_rgb/cljzkhh6i0its07bcabxx2avn.png,405,512
cljzkhh6i0itw07bcerk561bn,Ceramic,Geometric patterns,images/cljzkhh6i0itw07bcerk561bn.png,annotations/cljzkhh6i0itw07bcerk561bn.png,annotations_rgb/cljzkhh6i0itw07bcerk561bn.png,481,512
cljzkhh6i0iu007bc9skwbdo1,Ceramic,Geometric patterns,images/cljzkhh6i0iu007bc9skwbdo1.png,annotations/cljzkhh6i0iu007bc9skwbdo1.png,annotations_rgb/cljzkhh6i0iu007bc9skwbdo1.png,482,512
cljzkhh6j0iu407bc45yt8hsr,Ceramic,Geometric patterns,images/cljzkhh6j0iu407bc45yt8hsr.png,annotations/cljzkhh6j0iu407bc45yt8hsr.png,annotations_rgb/cljzkhh6j0iu407bc45yt8hsr.png,512,476
cljzkhh6j0iu807bch9prg6a1,Ceramic,Geometric patterns,images/cljzkhh6j0iu807bch9prg6a1.png,annotations/cljzkhh6j0iu807bch9prg6a1.png,annotations_rgb/cljzkhh6j0iu807bch9prg6a1.png,505,512
cljzkhh6j0iuc07bcdmym94wc,Ceramic,Geometric patterns,images/cljzkhh6j0iuc07bcdmym94wc.png,annotations/cljzkhh6j0iuc07bcdmym94wc.png,annotations_rgb/cljzkhh6j0iuc07bcdmym94wc.png,464,512
cljzkhh6j0iug07bc7be925un,Paper,Artistic depiction,images/cljzkhh6j0iug07bc7be925un.png,annotations/cljzkhh6j0iug07bc7be925un.png,annotations_rgb/cljzkhh6j0iug07bc7be925un.png,512,299
cljzkhh6j0iuk07bc2o351ofq,Paper,Artistic depiction,images/cljzkhh6j0iuk07bc2o351ofq.png,annotations/cljzkhh6j0iuk07bc2o351ofq.png,annotations_rgb/cljzkhh6j0iuk07bc2o351ofq.png,329,512
cljzkhh6j0iuo07bcfu0t1k1z,Paper,Artistic depiction,images/cljzkhh6j0iuo07bcfu0t1k1z.png,annotations/cljzkhh6j0iuo07bcfu0t1k1z.png,annotations_rgb/cljzkhh6j0iuo07bcfu0t1k1z.png,364,512
cljzkhh6j0ius07bc1nvreuko,Parchment,Artistic depiction,images/cljzkhh6j0ius07bc1nvreuko.png,annotations/cljzkhh6j0ius07bc1nvreuko.png,annotations_rgb/cljzkhh6j0ius07bc1nvreuko.png,392,512
cljzkhh6j0iv007bccrpw1jxd,Paper,Artistic depiction,images/cljzkhh6j0iv007bccrpw1jxd.png,annotations/cljzkhh6j0iv007bccrpw1jxd.png,annotations_rgb/cljzkhh6j0iv007bccrpw1jxd.png,378,512
cljzkhh6j0iv407bc4tme7qa1,Paper,Artistic depiction,images/cljzkhh6j0iv407bc4tme7qa1.png,annotations/cljzkhh6j0iv407bc4tme7qa1.png,annotations_rgb/cljzkhh6j0iv407bc4tme7qa1.png,384,512
cljzkhh6j0iv807bc36zn7nt6,Paper,Line art,images/cljzkhh6j0iv807bc36zn7nt6.png,annotations/cljzkhh6j0iv807bc36zn7nt6.png,annotations_rgb/cljzkhh6j0iv807bc36zn7nt6.png,512,332
cljzkhymm00kt075d87y4ciyh,Glass,Photographic depiction,images/cljzkhymm00kt075d87y4ciyh.png,annotations/cljzkhymm00kt075d87y4ciyh.png,annotations_rgb/cljzkhymm00kt075d87y4ciyh.png,512,248
cljzkhymm00kx075d8lbl98wj,Film emulsion,Photographic depiction,images/cljzkhymm00kx075d8lbl98wj.png,annotations/cljzkhymm00kx075d8lbl98wj.png,annotations_rgb/cljzkhymm00kx075d8lbl98wj.png,512,391
cljzkhymm00l1075d5kpc81oe,Glass,Photographic depiction,images/cljzkhymm00l1075d5kpc81oe.png,annotations/cljzkhymm00l1075d5kpc81oe.png,annotations_rgb/cljzkhymm00l1075d5kpc81oe.png,512,236
cljzkhymm00l5075dcu8yexrq,Glass,Photographic depiction,images/cljzkhymm00l5075dcu8yexrq.png,annotations/cljzkhymm00l5075dcu8yexrq.png,annotations_rgb/cljzkhymm00l5075dcu8yexrq.png,512,389
cljzkhymn00lp075d1r2xh3ig,Glass,Photographic depiction,images/cljzkhymn00lp075d1r2xh3ig.png,annotations/cljzkhymn00lp075d1r2xh3ig.png,annotations_rgb/cljzkhymn00lp075d1r2xh3ig.png,512,362
cljzkhymn00lt075d40vl6hck,Film emulsion,Photographic depiction,images/cljzkhymn00lt075d40vl6hck.png,annotations/cljzkhymn00lt075d40vl6hck.png,annotations_rgb/cljzkhymn00lt075d40vl6hck.png,512,388
cljzkkdjy00hy07a7eohjai6n,Paper,Photographic depiction,images/cljzkkdjy00hy07a7eohjai6n.png,annotations/cljzkkdjy00hy07a7eohjai6n.png,annotations_rgb/cljzkkdjy00hy07a7eohjai6n.png,512,320
cljzkkdjy00i207a7fvn70wbe,Paper,Photographic depiction,images/cljzkkdjy00i207a7fvn70wbe.png,annotations/cljzkkdjy00i207a7fvn70wbe.png,annotations_rgb/cljzkkdjy00i207a7fvn70wbe.png,511,389
cljzkkdjy00i607a72q277538,Paper,Artistic depiction,images/cljzkkdjy00i607a72q277538.png,annotations/cljzkkdjy00i607a72q277538.png,annotations_rgb/cljzkkdjy00i607a72q277538.png,371,512
cljzkkdjy00ia07a70wq7blv6,Paper,Artistic depiction,images/cljzkkdjy00ia07a70wq7blv6.png,annotations/cljzkkdjy00ia07a70wq7blv6.png,annotations_rgb/cljzkkdjy00ia07a70wq7blv6.png,511,412
cljzkkdjy00ie07a7fbpe4zkf,Paper,Line art,images/cljzkkdjy00ie07a7fbpe4zkf.png,annotations/cljzkkdjy00ie07a7fbpe4zkf.png,annotations_rgb/cljzkkdjy00ie07a7fbpe4zkf.png,427,512
cljzkkdjy00ii07a78vg72t08,Paper,Photographic depiction,images/cljzkkdjy00ii07a78vg72t08.png,annotations/cljzkkdjy00ii07a78vg72t08.png,annotations_rgb/cljzkkdjy00ii07a78vg72t08.png,393,512
cljzkn0sp28et076qbjkg0ozp,Glass,Photographic depiction,images/cljzkn0sp28et076qbjkg0ozp.png,annotations/cljzkn0sp28et076qbjkg0ozp.png,annotations_rgb/cljzkn0sp28et076qbjkg0ozp.png,380,512
cljzkn0sp28f5076q3uid2ifc,Glass,Photographic depiction,images/cljzkn0sp28f5076q3uid2ifc.png,annotations/cljzkn0sp28f5076q3uid2ifc.png,annotations_rgb/cljzkn0sp28f5076q3uid2ifc.png,346,512
cljzkn0sq28fd076q2qvkhqv7,Glass,Photographic depiction,images/cljzkn0sq28fd076q2qvkhqv7.png,annotations/cljzkn0sq28fd076q2qvkhqv7.png,annotations_rgb/cljzkn0sq28fd076q2qvkhqv7.png,512,413
cljzkn0sq28fp076qfmpxe5cx,Glass,Photographic depiction,images/cljzkn0sq28fp076qfmpxe5cx.png,annotations/cljzkn0sq28fp076qfmpxe5cx.png,annotations_rgb/cljzkn0sq28fp076qfmpxe5cx.png,391,512
cljzkn0sr28i1076qdp2x52b6,Glass,Photographic depiction,images/cljzkn0sr28i1076qdp2x52b6.png,annotations/cljzkn0sr28i1076qdp2x52b6.png,annotations_rgb/cljzkn0sr28i1076qdp2x52b6.png,362,512
cljzkn0sr28jx076q7kfsaxbo,Glass,Photographic depiction,images/cljzkn0sr28jx076q7kfsaxbo.png,annotations/cljzkn0sr28jx076q7kfsaxbo.png,annotations_rgb/cljzkn0sr28jx076q7kfsaxbo.png,451,512
cljzkn0ss28ld076qekftbqv7,Glass,Photographic depiction,images/cljzkn0ss28ld076qekftbqv7.png,annotations/cljzkn0ss28ld076qekftbqv7.png,annotations_rgb/cljzkn0ss28ld076qekftbqv7.png,444,512
cljzkoz9a2gjg0782d7yf6nyb,Glass,Photographic depiction,images/cljzkoz9a2gjg0782d7yf6nyb.png,annotations/cljzkoz9a2gjg0782d7yf6nyb.png,annotations_rgb/cljzkoz9a2gjg0782d7yf6nyb.png,428,512
cljzkoz9b2gkk07822lstfvfc,Glass,Photographic depiction,images/cljzkoz9b2gkk07822lstfvfc.png,annotations/cljzkoz9b2gkk07822lstfvfc.png,annotations_rgb/cljzkoz9b2gkk07822lstfvfc.png,512,392
cljzkoz9b2gko0782bw3de2r4,Glass,Photographic depiction,images/cljzkoz9b2gko0782bw3de2r4.png,annotations/cljzkoz9b2gko0782bw3de2r4.png,annotations_rgb/cljzkoz9b2gko0782bw3de2r4.png,393,512
cljzkpo821ydc07anch2rhyh4,Wood,Artistic depiction,images/cljzkpo821ydc07anch2rhyh4.png,annotations/cljzkpo821ydc07anch2rhyh4.png,annotations_rgb/cljzkpo821ydc07anch2rhyh4.png,424,512
cljzkpo821ydg07an63gu6iet,Paper,Line art,images/cljzkpo821ydg07an63gu6iet.png,annotations/cljzkpo821ydg07an63gu6iet.png,annotations_rgb/cljzkpo821ydg07an63gu6iet.png,336,512
cljzkpo821ydk07an7dgx3amo,Paper,Artistic depiction,images/cljzkpo821ydk07an7dgx3amo.png,annotations/cljzkpo821ydk07an7dgx3amo.png,annotations_rgb/cljzkpo821ydk07an7dgx3amo.png,408,512
cljzkpo821ydo07an9r9p0hs4,Paper,Line art,images/cljzkpo821ydo07an9r9p0hs4.png,annotations/cljzkpo821ydo07an9r9p0hs4.png,annotations_rgb/cljzkpo821ydo07an9r9p0hs4.png,306,512
cljzkpo831ydw07ancohj0nry,Wood,Artistic depiction,images/cljzkpo831ydw07ancohj0nry.png,annotations/cljzkpo831ydw07ancohj0nry.png,annotations_rgb/cljzkpo831ydw07ancohj0nry.png,385,512
cljzkpo831ye007ancdm332u5,Paper,Line art,images/cljzkpo831ye007ancdm332u5.png,annotations/cljzkpo831ye007ancdm332u5.png,annotations_rgb/cljzkpo831ye007ancdm332u5.png,372,512
cljzkpo831ye407an2c4q6i93,Paper,Photographic depiction,images/cljzkpo831ye407an2c4q6i93.png,annotations/cljzkpo831ye407an2c4q6i93.png,annotations_rgb/cljzkpo831ye407an2c4q6i93.png,367,512
cljzkpo831ye807anas7993mi,Paper,Artistic depiction,images/cljzkpo831ye807anas7993mi.png,annotations/cljzkpo831ye807anas7993mi.png,annotations_rgb/cljzkpo831ye807anas7993mi.png,289,512
cljzkpo831yec07anbimbdxsv,Paper,Photographic depiction,images/cljzkpo831yec07anbimbdxsv.png,annotations/cljzkpo831yec07anbimbdxsv.png,annotations_rgb/cljzkpo831yec07anbimbdxsv.png,512,276
cljzkpo831yeg07an9q5e1hqk,Paper,Photographic depiction,images/cljzkpo831yeg07an9q5e1hqk.png,annotations/cljzkpo831yeg07an9q5e1hqk.png,annotations_rgb/cljzkpo831yeg07an9q5e1hqk.png,508,512
cljzkpo831yek07an99y0021m,Wood,Artistic depiction,images/cljzkpo831yek07an99y0021m.png,annotations/cljzkpo831yek07an99y0021m.png,annotations_rgb/cljzkpo831yek07an99y0021m.png,320,512
cljzkqmlj2so107ahg1ancw60,Wood,Artistic depiction,images/cljzkqmlj2so107ahg1ancw60.png,annotations/cljzkqmlj2so107ahg1ancw60.png,annotations_rgb/cljzkqmlj2so107ahg1ancw60.png,447,512
cljzkqmlj2so507ahexwbcgc2,Lime plaster,Artistic depiction,images/cljzkqmlj2so507ahexwbcgc2.png,annotations/cljzkqmlj2so507ahexwbcgc2.png,annotations_rgb/cljzkqmlj2so507ahexwbcgc2.png,511,363
cljzkqmlj2so907ahbnqa69ke,Wood,Artistic depiction,images/cljzkqmlj2so907ahbnqa69ke.png,annotations/cljzkqmlj2so907ahbnqa69ke.png,annotations_rgb/cljzkqmlj2so907ahbnqa69ke.png,307,512
cljzkqmlj2sod07ahcbw33a38,Wood,Artistic depiction,images/cljzkqmlj2sod07ahcbw33a38.png,annotations/cljzkqmlj2sod07ahcbw33a38.png,annotations_rgb/cljzkqmlj2sod07ahcbw33a38.png,392,512
cljzkrc832glw078218ev8bor,Parchment,Artistic depiction,images/cljzkrc832glw078218ev8bor.png,annotations/cljzkrc832glw078218ev8bor.png,annotations_rgb/cljzkrc832glw078218ev8bor.png,357,512
cljzkrc842gm00782brvre2s0,Parchment,Artistic depiction,images/cljzkrc842gm00782brvre2s0.png,annotations/cljzkrc842gm00782brvre2s0.png,annotations_rgb/cljzkrc842gm00782brvre2s0.png,458,512
cljzkrc842gm40782530j9ic7,Lime plaster,Artistic depiction,images/cljzkrc842gm40782530j9ic7.png,annotations/cljzkrc842gm40782530j9ic7.png,annotations_rgb/cljzkrc842gm40782530j9ic7.png,512,511
cljzkrc842gmc0782h3i2c7qw,Lime plaster,Artistic depiction,images/cljzkrc842gmc0782h3i2c7qw.png,annotations/cljzkrc842gmc0782h3i2c7qw.png,annotations_rgb/cljzkrc842gmc0782h3i2c7qw.png,383,512
cljzkrc842gmk078278uc8ym9,Glass,Photographic depiction,images/cljzkrc842gmk078278uc8ym9.png,annotations/cljzkrc842gmk078278uc8ym9.png,annotations_rgb/cljzkrc842gmk078278uc8ym9.png,512,368
cljzkrc842gmo0782cva811y4,Glass,Photographic depiction,images/cljzkrc842gmo0782cva811y4.png,annotations/cljzkrc842gmo0782cva811y4.png,annotations_rgb/cljzkrc842gmo0782cva811y4.png,375,512
cljzkrc842gms078243xzep24,Wood,Artistic depiction,images/cljzkrc842gms078243xzep24.png,annotations/cljzkrc842gms078243xzep24.png,annotations_rgb/cljzkrc842gms078243xzep24.png,389,512
cljzkrc842gmw07827zbrfpgj,Parchment,Artistic depiction,images/cljzkrc842gmw07827zbrfpgj.png,annotations/cljzkrc842gmw07827zbrfpgj.png,annotations_rgb/cljzkrc842gmw07827zbrfpgj.png,402,512
cljzkrc842gn007823phw9fsr,Paper,Artistic depiction,images/cljzkrc842gn007823phw9fsr.png,annotations/cljzkrc842gn007823phw9fsr.png,annotations_rgb/cljzkrc842gn007823phw9fsr.png,372,512
cljzkrc842gn407821zb8bcmy,Parchment,Artistic depiction,images/cljzkrc842gn407821zb8bcmy.png,annotations/cljzkrc842gn407821zb8bcmy.png,annotations_rgb/cljzkrc842gn407821zb8bcmy.png,352,512
cljzkrc842gn807822qbtccwi,Wood,Artistic depiction,images/cljzkrc842gn807822qbtccwi.png,annotations/cljzkrc842gn807822qbtccwi.png,annotations_rgb/cljzkrc842gn807822qbtccwi.png,302,512
cljzkrc842gnc0782go1n7r2t,Parchment,Artistic depiction,images/cljzkrc842gnc0782go1n7r2t.png,annotations/cljzkrc842gnc0782go1n7r2t.png,annotations_rgb/cljzkrc842gnc0782go1n7r2t.png,353,512
cljzn61zo00v5075d44nd6bpp,Paper,Artistic depiction,images/cljzn61zo00v5075d44nd6bpp.png,annotations/cljzn61zo00v5075d44nd6bpp.png,annotations_rgb/cljzn61zo00v5075d44nd6bpp.png,423,512
cljzn61zo00v9075d281e1bud,Paper,Geometric patterns,images/cljzn61zo00v9075d281e1bud.png,annotations/cljzn61zo00v9075d281e1bud.png,annotations_rgb/cljzn61zo00v9075d281e1bud.png,497,512
cljzn61zo00vd075damha8aec,Paper,Artistic depiction,images/cljzn61zo00vd075damha8aec.png,annotations/cljzn61zo00vd075damha8aec.png,annotations_rgb/cljzn61zo00vd075damha8aec.png,352,512
cljzn61zo00vh075d3cjgg5zg,Paper,Line art,images/cljzn61zo00vh075d3cjgg5zg.png,annotations/cljzn61zo00vh075d3cjgg5zg.png,annotations_rgb/cljzn61zo00vh075d3cjgg5zg.png,512,310
cljzn61zo00vl075d4lt14ogf,Ceramic,Geometric patterns,images/cljzn61zo00vl075d4lt14ogf.png,annotations/cljzn61zo00vl075d4lt14ogf.png,annotations_rgb/cljzn61zo00vl075d4lt14ogf.png,512,446
cljzn61zo00vp075d1do52356,Ceramic,Geometric patterns,images/cljzn61zo00vp075d1do52356.png,annotations/cljzn61zo00vp075d1do52356.png,annotations_rgb/cljzn61zo00vp075d1do52356.png,494,512
cljzn61zo00vt075dbf0tb2wh,Paper,Line art,images/cljzn61zo00vt075dbf0tb2wh.png,annotations/cljzn61zo00vt075dbf0tb2wh.png,annotations_rgb/cljzn61zo00vt075dbf0tb2wh.png,374,512
cljzn61zo00vx075db6643jl0,Paper,Artistic depiction,images/cljzn61zo00vx075db6643jl0.png,annotations/cljzn61zo00vx075db6643jl0.png,annotations_rgb/cljzn61zo00vx075db6643jl0.png,376,512
cljzn61zo00w1075ddvt7h2va,Paper,Artistic depiction,images/cljzn61zo00w1075ddvt7h2va.png,annotations/cljzn61zo00w1075ddvt7h2va.png,annotations_rgb/cljzn61zo00w1075ddvt7h2va.png,366,512
cljzn61zp00w5075dhz4cbh2s,Paper,Artistic depiction,images/cljzn61zp00w5075dhz4cbh2s.png,annotations/cljzn61zp00w5075dhz4cbh2s.png,annotations_rgb/cljzn61zp00w5075dhz4cbh2s.png,350,512
cljzn61zp00wl075dhsg1gv3y,Paper,Line art,images/cljzn61zp00wl075dhsg1gv3y.png,annotations/cljzn61zp00wl075dhsg1gv3y.png,annotations_rgb/cljzn61zp00wl075dhsg1gv3y.png,405,512
cljzn61zp00wp075d3a606be2,Paper,Line art,images/cljzn61zp00wp075d3a606be2.png,annotations/cljzn61zp00wp075d3a606be2.png,annotations_rgb/cljzn61zp00wp075d3a606be2.png,398,512
cljzn61zp00wt075dhqxveite,Paper,Line art,images/cljzn61zp00wt075dhqxveite.png,annotations/cljzn61zp00wt075dhqxveite.png,annotations_rgb/cljzn61zp00wt075dhqxveite.png,512,315
cljzn61zp00wx075d6serdwye,Paper,Photographic depiction,images/cljzn61zp00wx075d6serdwye.png,annotations/cljzn61zp00wx075d6serdwye.png,annotations_rgb/cljzn61zp00wx075d6serdwye.png,401,512
cljzn61zp00x1075d0f750vt3,Textile,Geometric patterns,images/cljzn61zp00x1075d0f750vt3.png,annotations/cljzn61zp00x1075d0f750vt3.png,annotations_rgb/cljzn61zp00x1075d0f750vt3.png,512,347
cljzn61zp00x5075d1wux5q0w,Textile,Geometric patterns,images/cljzn61zp00x5075d1wux5q0w.png,annotations/cljzn61zp00x5075d1wux5q0w.png,annotations_rgb/cljzn61zp00x5075d1wux5q0w.png,512,489
clks5dqlg1mld07539qhr4fva,Glass,Artistic depiction,images/clks5dqlg1mld07539qhr4fva.png,annotations/clks5dqlg1mld07539qhr4fva.png,annotations_rgb/clks5dqlg1mld07539qhr4fva.png,386,512
clks5dqlg1mlh075315twadbn,Textile,Geometric patterns,images/clks5dqlg1mlh075315twadbn.png,annotations/clks5dqlg1mlh075315twadbn.png,annotations_rgb/clks5dqlg1mlh075315twadbn.png,476,512
clks5dqlg1mll07534xi8br2r,Textile,Geometric patterns,images/clks5dqlg1mll07534xi8br2r.png,annotations/clks5dqlg1mll07534xi8br2r.png,annotations_rgb/clks5dqlg1mll07534xi8br2r.png,512,381
clks5dqlg1mlp07531bu10pc2,Tesserae,Artistic depiction,images/clks5dqlg1mlp07531bu10pc2.png,annotations/clks5dqlg1mlp07531bu10pc2.png,annotations_rgb/clks5dqlg1mlp07531bu10pc2.png,512,501
clks5e6yq1wj2073m9dwl9mcd,Wood,Artistic depiction,images/clks5e6yq1wj2073m9dwl9mcd.png,annotations/clks5e6yq1wj2073m9dwl9mcd.png,annotations_rgb/clks5e6yq1wj2073m9dwl9mcd.png,457,512
clks5e6yq1wja073mhlmhanfu,Parchment,Artistic depiction,images/clks5e6yq1wja073mhlmhanfu.png,annotations/clks5e6yq1wja073mhlmhanfu.png,annotations_rgb/clks5e6yq1wja073mhlmhanfu.png,339,512
clks5e6yq1wje073mfkfa0dul,Parchment,Artistic depiction,images/clks5e6yq1wje073mfkfa0dul.png,annotations/clks5e6yq1wje073mfkfa0dul.png,annotations_rgb/clks5e6yq1wje073mfkfa0dul.png,512,497
clks5e6yq1wji073mcci1ghyz,Parchment,Artistic depiction,images/clks5e6yq1wji073mcci1ghyz.png,annotations/clks5e6yq1wji073mcci1ghyz.png,annotations_rgb/clks5e6yq1wji073mcci1ghyz.png,443,512
clks5e6yq1wjm073mfr511jsv,Parchment,Artistic depiction,images/clks5e6yq1wjm073mfr511jsv.png,annotations/clks5e6yq1wjm073mfr511jsv.png,annotations_rgb/clks5e6yq1wjm073mfr511jsv.png,366,512
clks5e6yq1wjq073m9fkec0ba,Parchment,Artistic depiction,images/clks5e6yq1wjq073m9fkec0ba.png,annotations/clks5e6yq1wjq073m9fkec0ba.png,annotations_rgb/clks5e6yq1wjq073m9fkec0ba.png,357,512
clks5e6yq1wju073m2uw7adw7,Parchment,Artistic depiction,images/clks5e6yq1wju073m2uw7adw7.png,annotations/clks5e6yq1wju073m2uw7adw7.png,annotations_rgb/clks5e6yq1wju073m2uw7adw7.png,512,493
clks5e6yr1wjy073mfd8ddrbt,Parchment,Artistic depiction,images/clks5e6yr1wjy073mfd8ddrbt.png,annotations/clks5e6yr1wjy073mfd8ddrbt.png,annotations_rgb/clks5e6yr1wjy073mfd8ddrbt.png,505,512
clks5e6yr1wk2073m4i9fe0ga,Parchment,Artistic depiction,images/clks5e6yr1wk2073m4i9fe0ga.png,annotations/clks5e6yr1wk2073m4i9fe0ga.png,annotations_rgb/clks5e6yr1wk2073m4i9fe0ga.png,496,512
clks5e6yr1wk6073mhh3o75sb,Parchment,Artistic depiction,images/clks5e6yr1wk6073mhh3o75sb.png,annotations/clks5e6yr1wk6073mhh3o75sb.png,annotations_rgb/clks5e6yr1wk6073mhh3o75sb.png,512,295
clks5e6yr1wka073meiin2aus,Parchment,Artistic depiction,images/clks5e6yr1wka073meiin2aus.png,annotations/clks5e6yr1wka073meiin2aus.png,annotations_rgb/clks5e6yr1wka073meiin2aus.png,511,504
clks5e6yr1wke073mdklr6y0s,Parchment,Artistic depiction,images/clks5e6yr1wke073mdklr6y0s.png,annotations/clks5e6yr1wke073mdklr6y0s.png,annotations_rgb/clks5e6yr1wke073mdklr6y0s.png,474,512
clks5e6yr1wki073m2dsuadd0,Parchment,Artistic depiction,images/clks5e6yr1wki073m2dsuadd0.png,annotations/clks5e6yr1wki073m2dsuadd0.png,annotations_rgb/clks5e6yr1wki073m2dsuadd0.png,327,512
clks5e6yr1wkm073mcggdg9vj,Parchment,Artistic depiction,images/clks5e6yr1wkm073mcggdg9vj.png,annotations/clks5e6yr1wkm073mcggdg9vj.png,annotations_rgb/clks5e6yr1wkm073mcggdg9vj.png,512,472
clks5e6yr1wky073m5q9qh27e,Parchment,Artistic depiction,images/clks5e6yr1wky073m5q9qh27e.png,annotations/clks5e6yr1wky073m5q9qh27e.png,annotations_rgb/clks5e6yr1wky073m5q9qh27e.png,384,512
clks5e6yr1wl6073m2gi3h4gm,Parchment,Artistic depiction,images/clks5e6yr1wl6073m2gi3h4gm.png,annotations/clks5e6yr1wl6073m2gi3h4gm.png,annotations_rgb/clks5e6yr1wl6073m2gi3h4gm.png,339,512
clks5e6yt1wli073m50owds3m,Paper,Artistic depiction,images/clks5e6yt1wli073m50owds3m.png,annotations/clks5e6yt1wli073m50owds3m.png,annotations_rgb/clks5e6yt1wli073m50owds3m.png,419,512
clktsh0ot046o07317xg62yws,Textile,Geometric patterns,images/clktsh0ot046o07317xg62yws.png,annotations/clktsh0ot046o07317xg62yws.png,annotations_rgb/clktsh0ot046o07317xg62yws.png,512,505
clktsh0ot046s073183nn5uuv,Paper,Artistic depiction,images/clktsh0ot046s073183nn5uuv.png,annotations/clktsh0ot046s073183nn5uuv.png,annotations_rgb/clktsh0ot046s073183nn5uuv.png,203,512
clktsh0ot046w073153d8akly,Paper,Artistic depiction,images/clktsh0ot046w073153d8akly.png,annotations/clktsh0ot046w073153d8akly.png,annotations_rgb/clktsh0ot046w073153d8akly.png,512,512
clktsh0ot04700731arpfcbyb,Tesserae,Artistic depiction,images/clktsh0ot04700731arpfcbyb.png,annotations/clktsh0ot04700731arpfcbyb.png,annotations_rgb/clktsh0ot04700731arpfcbyb.png,512,300
clktshmw601qg073p686vhu0l,Tesserae,Artistic depiction,images/clktshmw601qg073p686vhu0l.png,annotations/clktshmw601qg073p686vhu0l.png,annotations_rgb/clktshmw601qg073p686vhu0l.png,512,400
clktsiyji05k70747bjs5541h,Lime plaster,Artistic depiction,images/clktsiyji05k70747bjs5541h.png,annotations/clktsiyji05k70747bjs5541h.png,annotations_rgb/clktsiyji05k70747bjs5541h.png,505,512
clktsiyji05kb0747ea1ncymx,Lime plaster,Artistic depiction,images/clktsiyji05kb0747ea1ncymx.png,annotations/clktsiyji05kb0747ea1ncymx.png,annotations_rgb/clktsiyji05kb0747ea1ncymx.png,471,512
clktsjuqr006u074o5l6u0h07,Lime plaster,Artistic depiction,images/clktsjuqr006u074o5l6u0h07.png,annotations/clktsjuqr006u074o5l6u0h07.png,annotations_rgb/clktsjuqr006u074o5l6u0h07.png,512,511
clktsjuqr006y074o0u98hx8r,Tesserae,Artistic depiction,images/clktsjuqr006y074o0u98hx8r.png,annotations/clktsjuqr006y074o0u98hx8r.png,annotations_rgb/clktsjuqr006y074o0u98hx8r.png,384,512
clktsjuqr0072074o56fhck75,Wood,Artistic depiction,images/clktsjuqr0072074o56fhck75.png,annotations/clktsjuqr0072074o56fhck75.png,annotations_rgb/clktsjuqr0072074o56fhck75.png,418,512
clktsjuqr0076074o5c7x6qrs,Paper,Artistic depiction,images/clktsjuqr0076074o5c7x6qrs.png,annotations/clktsjuqr0076074o5c7x6qrs.png,annotations_rgb/clktsjuqr0076074o5c7x6qrs.png,372,512
clktsjuqs007a074o530b2lbc,Paper,Artistic depiction,images/clktsjuqs007a074o530b2lbc.png,annotations/clktsjuqs007a074o530b2lbc.png,annotations_rgb/clktsjuqs007a074o530b2lbc.png,393,512
clktsjuqs007e074oc6k3cjwg,Canvas,Artistic depiction,images/clktsjuqs007e074oc6k3cjwg.png,annotations/clktsjuqs007e074oc6k3cjwg.png,annotations_rgb/clktsjuqs007e074oc6k3cjwg.png,512,366
clktsjuqs007i074og5w86egh,Lime plaster,Artistic depiction,images/clktsjuqs007i074og5w86egh.png,annotations/clktsjuqs007i074og5w86egh.png,annotations_rgb/clktsjuqs007i074og5w86egh.png,512,504
clktsjuqs007m074oguay2s8f,Canvas,Artistic depiction,images/clktsjuqs007m074oguay2s8f.png,annotations/clktsjuqs007m074oguay2s8f.png,annotations_rgb/clktsjuqs007m074oguay2s8f.png,384,512
clktsjuqs007q074o93yu50y1,Wood,Artistic depiction,images/clktsjuqs007q074o93yu50y1.png,annotations/clktsjuqs007q074o93yu50y1.png,annotations_rgb/clktsjuqs007q074o93yu50y1.png,306,512
clktsjuqs007u074ocr46e427,Wood,Artistic depiction,images/clktsjuqs007u074ocr46e427.png,annotations/clktsjuqs007u074ocr46e427.png,annotations_rgb/clktsjuqs007u074ocr46e427.png,392,512
clktt15e505e3075377p1ab77,Paper,Artistic depiction,images/clktt15e505e3075377p1ab77.png,annotations/clktt15e505e3075377p1ab77.png,annotations_rgb/clktt15e505e3075377p1ab77.png,341,512
clktt15e505e707539g3g0762,Paper,Artistic depiction,images/clktt15e505e707539g3g0762.png,annotations/clktt15e505e707539g3g0762.png,annotations_rgb/clktt15e505e707539g3g0762.png,355,512
clktt15e605eb07537jpb2pzt,Paper,Artistic depiction,images/clktt15e605eb07537jpb2pzt.png,annotations/clktt15e605eb07537jpb2pzt.png,annotations_rgb/clktt15e605eb07537jpb2pzt.png,322,512
clktt15e605ef07535zvh1sn0,Paper,Artistic depiction,images/clktt15e605ef07535zvh1sn0.png,annotations/clktt15e605ef07535zvh1sn0.png,annotations_rgb/clktt15e605ef07535zvh1sn0.png,339,512
clktt15e605ej0753gtw2c1g1,Paper,Artistic depiction,images/clktt15e605ej0753gtw2c1g1.png,annotations/clktt15e605ej0753gtw2c1g1.png,annotations_rgb/clktt15e605ej0753gtw2c1g1.png,512,493
clktt15e605en075387yqgg3z,Paper,Line art,images/clktt15e605en075387yqgg3z.png,annotations/clktt15e605en075387yqgg3z.png,annotations_rgb/clktt15e605en075387yqgg3z.png,512,376
clktt15e605er0753gxklcghp,Paper,Artistic depiction,images/clktt15e605er0753gxklcghp.png,annotations/clktt15e605er0753gxklcghp.png,annotations_rgb/clktt15e605er0753gxklcghp.png,321,512
clltmkjo80054072l098y8m0s,Tesserae,Artistic depiction,images/clltmkjo80054072l098y8m0s.png,annotations/clltmkjo80054072l098y8m0s.png,annotations_rgb/clltmkjo80054072l098y8m0s.png,444,512
clltmkjo9005s072le7aw1cuu,Glass,Photographic depiction,images/clltmkjo9005s072le7aw1cuu.png,annotations/clltmkjo9005s072le7aw1cuu.png,annotations_rgb/clltmkjo9005s072le7aw1cuu.png,512,375
clltmlbk6008s072kdptsdlka,Ceramic,Geometric patterns,images/clltmlbk6008s072kdptsdlka.png,annotations/clltmlbk6008s072kdptsdlka.png,annotations_rgb/clltmlbk6008s072kdptsdlka.png,510,512
clltmlbk6008w072k2r80e9nb,Paper,Artistic depiction,images/clltmlbk6008w072k2r80e9nb.png,annotations/clltmlbk6008w072k2r80e9nb.png,annotations_rgb/clltmlbk6008w072k2r80e9nb.png,343,512
clltmlbk60090072kb420h9nh,Paper,Geometric patterns,images/clltmlbk60090072kb420h9nh.png,annotations/clltmlbk60090072kb420h9nh.png,annotations_rgb/clltmlbk60090072kb420h9nh.png,511,512
clltmlbk60094072kgzwadxfp,Parchment,Artistic depiction,images/clltmlbk60094072kgzwadxfp.png,annotations/clltmlbk60094072kgzwadxfp.png,annotations_rgb/clltmlbk60094072kgzwadxfp.png,356,512
clltmlbk60098072k8w9g537b,Textile,Geometric patterns,images/clltmlbk60098072k8w9g537b.png,annotations/clltmlbk60098072k8w9g537b.png,annotations_rgb/clltmlbk60098072k8w9g537b.png,300,512
clltmlbk6009c072k27oz8ygr,Ceramic,Artistic depiction,images/clltmlbk6009c072k27oz8ygr.png,annotations/clltmlbk6009c072k27oz8ygr.png,annotations_rgb/clltmlbk6009c072k27oz8ygr.png,506,512
clltmlbk7009g072kcfar558a,Paper,Geometric patterns,images/clltmlbk7009g072kcfar558a.png,annotations/clltmlbk7009g072kcfar558a.png,annotations_rgb/clltmlbk7009g072kcfar558a.png,452,512
clltmmvm9000o071o57jfhdw2,Paper,Line art,images/clltmmvm9000o071o57jfhdw2.png,annotations/clltmmvm9000o071o57jfhdw2.png,annotations_rgb/clltmmvm9000o071o57jfhdw2.png,512,441
clltmmvm9000s071o92htf4lj,Paper,Line art,images/clltmmvm9000s071o92htf4lj.png,annotations/clltmmvm9000s071o92htf4lj.png,annotations_rgb/clltmmvm9000s071o92htf4lj.png,351,512
clltmmvm9000w071o6qk7b8gb,Paper,Line art,images/clltmmvm9000w071o6qk7b8gb.png,annotations/clltmmvm9000w071o6qk7b8gb.png,annotations_rgb/clltmmvm9000w071o6qk7b8gb.png,512,422
clltmmvm90010071od4iv31ay,Paper,Line art,images/clltmmvm90010071od4iv31ay.png,annotations/clltmmvm90010071od4iv31ay.png,annotations_rgb/clltmmvm90010071od4iv31ay.png,389,512
clltmmvm90018071o5qu906e9,Paper,Artistic depiction,images/clltmmvm90018071o5qu906e9.png,annotations/clltmmvm90018071o5qu906e9.png,annotations_rgb/clltmmvm90018071o5qu906e9.png,313,512
clltmmvm9001c071o3bhbaaz4,Paper,Artistic depiction,images/clltmmvm9001c071o3bhbaaz4.png,annotations/clltmmvm9001c071o3bhbaaz4.png,annotations_rgb/clltmmvm9001c071o3bhbaaz4.png,317,512
clltmmvm9001g071o2gekdtqr,Paper,Artistic depiction,images/clltmmvm9001g071o2gekdtqr.png,annotations/clltmmvm9001g071o2gekdtqr.png,annotations_rgb/clltmmvm9001g071o2gekdtqr.png,330,512
clltmmvma001o071o12ci35ia,Paper,Artistic depiction,images/clltmmvma001o071o12ci35ia.png,annotations/clltmmvma001o071o12ci35ia.png,annotations_rgb/clltmmvma001o071o12ci35ia.png,329,512
clltmmvma001s071o27q62wmk,Paper,Artistic depiction,images/clltmmvma001s071o27q62wmk.png,annotations/clltmmvma001s071o27q62wmk.png,annotations_rgb/clltmmvma001s071o27q62wmk.png,408,512
cllwa3axi0gtj0789d8yyf824,Parchment,Artistic depiction,images/cllwa3axi0gtj0789d8yyf824.png,annotations/cllwa3axi0gtj0789d8yyf824.png,annotations_rgb/cllwa3axi0gtj0789d8yyf824.png,473,512
cllwa3axi0gtn0789es6vgimg,Paper,Artistic depiction,images/cllwa3axi0gtn0789es6vgimg.png,annotations/cllwa3axi0gtn0789es6vgimg.png,annotations_rgb/cllwa3axi0gtn0789es6vgimg.png,512,338
cllwa3axi0gtr0789h56v2btg,Paper,Artistic depiction,images/cllwa3axi0gtr0789h56v2btg.png,annotations/cllwa3axi0gtr0789h56v2btg.png,annotations_rgb/cllwa3axi0gtr0789h56v2btg.png,512,318
cllwa3axi0gtv0789cnkcersq,Paper,Geometric patterns,images/cllwa3axi0gtv0789cnkcersq.png,annotations/cllwa3axi0gtv0789cnkcersq.png,annotations_rgb/cllwa3axi0gtv0789cnkcersq.png,294,512
cllwa3axi0gtz0789043104hg,Paper,Artistic depiction,images/cllwa3axi0gtz0789043104hg.png,annotations/cllwa3axi0gtz0789043104hg.png,annotations_rgb/cllwa3axi0gtz0789043104hg.png,351,512
cllwa3axi0gub0789gzzc9abb,Paper,Artistic depiction,images/cllwa3axi0gub0789gzzc9abb.png,annotations/cllwa3axi0gub0789gzzc9abb.png,annotations_rgb/cllwa3axi0gub0789gzzc9abb.png,302,512
cllwa3axi0guf078940bn29sp,Paper,Artistic depiction,images/cllwa3axi0guf078940bn29sp.png,annotations/cllwa3axi0guf078940bn29sp.png,annotations_rgb/cllwa3axi0guf078940bn29sp.png,194,512
cllwa3axi0guj07895arf52i1,Parchment,Artistic depiction,images/cllwa3axi0guj07895arf52i1.png,annotations/cllwa3axi0guj07895arf52i1.png,annotations_rgb/cllwa3axi0guj07895arf52i1.png,364,512
cllwa5wazkljx076ncsot5zl6,Glass,Artistic depiction,images/cllwa5wazkljx076ncsot5zl6.png,annotations/cllwa5wazkljx076ncsot5zl6.png,annotations_rgb/cllwa5wazkljx076ncsot5zl6.png,443,512
cllwa5wazklk1076n6q1o6v1n,Glass,Artistic depiction,images/cllwa5wazklk1076n6q1o6v1n.png,annotations/cllwa5wazklk1076n6q1o6v1n.png,annotations_rgb/cllwa5wazklk1076n6q1o6v1n.png,178,512
cllwa5wazklk5076nbtjc89mf,Glass,Artistic depiction,images/cllwa5wazklk5076nbtjc89mf.png,annotations/cllwa5wazklk5076nbtjc89mf.png,annotations_rgb/cllwa5wazklk5076nbtjc89mf.png,304,512
cllwa5wazklk9076ne7x6gc4x,Tesserae,Artistic depiction,images/cllwa5wazklk9076ne7x6gc4x.png,annotations/cllwa5wazklk9076ne7x6gc4x.png,annotations_rgb/cllwa5wazklk9076ne7x6gc4x.png,512,470
cllwa5wazklkd076nf8t4c04o,Tesserae,Artistic depiction,images/cllwa5wazklkd076nf8t4c04o.png,annotations/cllwa5wazklkd076nf8t4c04o.png,annotations_rgb/cllwa5wazklkd076nf8t4c04o.png,512,495
cllwa5wazklkh076n3tor3l2a,Parchment,Artistic depiction,images/cllwa5wazklkh076n3tor3l2a.png,annotations/cllwa5wazklkh076n3tor3l2a.png,annotations_rgb/cllwa5wazklkh076n3tor3l2a.png,357,512
cllwa5wazklkl076n06jbd9ig,Parchment,Artistic depiction,images/cllwa5wazklkl076n06jbd9ig.png,annotations/cllwa5wazklkl076n06jbd9ig.png,annotations_rgb/cllwa5wazklkl076n06jbd9ig.png,361,512
cllwaa36aklvo076nfk1b65tb,Textile,Artistic depiction,images/cllwaa36aklvo076nfk1b65tb.png,annotations/cllwaa36aklvo076nfk1b65tb.png,annotations_rgb/cllwaa36aklvo076nfk1b65tb.png,512,465
cllwaa36aklvs076n3fbecdgg,Textile,Geometric patterns,images/cllwaa36aklvs076n3fbecdgg.png,annotations/cllwaa36aklvs076n3fbecdgg.png,annotations_rgb/cllwaa36aklvs076n3fbecdgg.png,512,393
cllwaa36aklvw076n3aaw2z9c,Glass,Artistic depiction,images/cllwaa36aklvw076n3aaw2z9c.png,annotations/cllwaa36aklvw076n3aaw2z9c.png,annotations_rgb/cllwaa36aklvw076n3aaw2z9c.png,445,512
cllwaa36aklw0076nanx65e5s,Glass,Artistic depiction,images/cllwaa36aklw0076nanx65e5s.png,annotations/cllwaa36aklw0076nanx65e5s.png,annotations_rgb/cllwaa36aklw0076nanx65e5s.png,436,512
cllwaa36aklw4076n8q3k6vk2,Textile,Geometric patterns,images/cllwaa36aklw4076n8q3k6vk2.png,annotations/cllwaa36aklw4076n8q3k6vk2.png,annotations_rgb/cllwaa36aklw4076n8q3k6vk2.png,512,469
cllwaa36aklw8076n1ur97iyu,Textile,Geometric patterns,images/cllwaa36aklw8076n1ur97iyu.png,annotations/cllwaa36aklw8076n1ur97iyu.png,annotations_rgb/cllwaa36aklw8076n1ur97iyu.png,512,470
cllwaa36aklwc076n3y2y6m2g,Ceramic,Geometric patterns,images/cllwaa36aklwc076n3y2y6m2g.png,annotations/cllwaa36aklwc076n3y2y6m2g.png,annotations_rgb/cllwaa36aklwc076n3y2y6m2g.png,499,512
cllwaa36aklwg076n95og1xuv,Paper,Line art,images/cllwaa36aklwg076n95og1xuv.png,annotations/cllwaa36aklwg076n95og1xuv.png,annotations_rgb/cllwaa36aklwg076n95og1xuv.png,512,329
cllwaa36aklwk076nci0d43lz,Glass,Photographic depiction,images/cllwaa36aklwk076nci0d43lz.png,annotations/cllwaa36aklwk076nci0d43lz.png,annotations_rgb/cllwaa36aklwk076nci0d43lz.png,512,389
cllwaa36aklwo076ngq7x91la,Paper,Artistic depiction,images/cllwaa36aklwo076ngq7x91la.png,annotations/cllwaa36aklwo076ngq7x91la.png,annotations_rgb/cllwaa36aklwo076ngq7x91la.png,512,383
cllwaa36aklws076nayyoacn9,Paper,Artistic depiction,images/cllwaa36aklws076nayyoacn9.png,annotations/cllwaa36aklws076nayyoacn9.png,annotations_rgb/cllwaa36aklws076nayyoacn9.png,391,512
cllwaa36bklww076n4y6qcqga,Paper,Artistic depiction,images/cllwaa36bklww076n4y6qcqga.png,annotations/cllwaa36bklww076n4y6qcqga.png,annotations_rgb/cllwaa36bklww076n4y6qcqga.png,397,512
cllwaa36bklx0076n0knkchj5,Paper,Artistic depiction,images/cllwaa36bklx0076n0knkchj5.png,annotations/cllwaa36bklx0076n0knkchj5.png,annotations_rgb/cllwaa36bklx0076n0knkchj5.png,396,512
cllwaa36bklx4076n3b48bugw,Paper,Artistic depiction,images/cllwaa36bklx4076n3b48bugw.png,annotations/cllwaa36bklx4076n3b48bugw.png,annotations_rgb/cllwaa36bklx4076n3b48bugw.png,512,373
cllwaa36bklx8076ngwi540iz,Paper,Artistic depiction,images/cllwaa36bklx8076ngwi540iz.png,annotations/cllwaa36bklx8076ngwi540iz.png,annotations_rgb/cllwaa36bklx8076ngwi540iz.png,512,380
cllwaa36bklxc076nf9xv4dft,Paper,Artistic depiction,images/cllwaa36bklxc076nf9xv4dft.png,annotations/cllwaa36bklxc076nf9xv4dft.png,annotations_rgb/cllwaa36bklxc076nf9xv4dft.png,512,322
cllwaa36bklxg076n76uye37d,Paper,Artistic depiction,images/cllwaa36bklxg076n76uye37d.png,annotations/cllwaa36bklxg076n76uye37d.png,annotations_rgb/cllwaa36bklxg076n76uye37d.png,512,408
cllwaa36bklxk076n0fyv6lr1,Parchment,Line art,images/cllwaa36bklxk076n0fyv6lr1.png,annotations/cllwaa36bklxk076n0fyv6lr1.png,annotations_rgb/cllwaa36bklxk076n0fyv6lr1.png,512,384
cllwaa36bklxo076najdab26s,Paper,Line art,images/cllwaa36bklxo076najdab26s.png,annotations/cllwaa36bklxo076najdab26s.png,annotations_rgb/cllwaa36bklxo076najdab26s.png,512,370
cllwaa36bklxs076n7r5x4eiq,Paper,Artistic depiction,images/cllwaa36bklxs076n7r5x4eiq.png,annotations/cllwaa36bklxs076n7r5x4eiq.png,annotations_rgb/cllwaa36bklxs076n7r5x4eiq.png,358,512
cllwaa36bklxw076n59ihepa9,Paper,Artistic depiction,images/cllwaa36bklxw076n59ihepa9.png,annotations/cllwaa36bklxw076n59ihepa9.png,annotations_rgb/cllwaa36bklxw076n59ihepa9.png,345,512
cllwaa36bkly0076nfpi7bnmq,Paper,Artistic depiction,images/cllwaa36bkly0076nfpi7bnmq.png,annotations/cllwaa36bkly0076nfpi7bnmq.png,annotations_rgb/cllwaa36bkly0076nfpi7bnmq.png,512,333
cllwaa36bkly4076n6ma11wn4,Parchment,Artistic depiction,images/cllwaa36bkly4076n6ma11wn4.png,annotations/cllwaa36bkly4076n6ma11wn4.png,annotations_rgb/cllwaa36bkly4076n6ma11wn4.png,372,512
cllwaa36bkly8076n8m8uc25v,Paper,Artistic depiction,images/cllwaa36bkly8076n8m8uc25v.png,annotations/cllwaa36bkly8076n8m8uc25v.png,annotations_rgb/cllwaa36bkly8076n8m8uc25v.png,366,512
cllwaa36bklyc076n7aucf6y3,Canvas,Artistic depiction,images/cllwaa36bklyc076n7aucf6y3.png,annotations/cllwaa36bklyc076n7aucf6y3.png,annotations_rgb/cllwaa36bklyc076n7aucf6y3.png,512,475
cllwaa36bklyg076n6s8635un,Paper,Artistic depiction,images/cllwaa36bklyg076n6s8635un.png,annotations/cllwaa36bklyg076n6s8635un.png,annotations_rgb/cllwaa36bklyg076n6s8635un.png,385,512
cllwaa36bklyk076n69dbc2sr,Parchment,Artistic depiction,images/cllwaa36bklyk076n69dbc2sr.png,annotations/cllwaa36bklyk076n69dbc2sr.png,annotations_rgb/cllwaa36bklyk076n69dbc2sr.png,353,512
cllwaa36cklyo076n2yef0ltt,Paper,Geometric patterns,images/cllwaa36cklyo076n2yef0ltt.png,annotations/cllwaa36cklyo076n2yef0ltt.png,annotations_rgb/cllwaa36cklyo076n2yef0ltt.png,354,512
cllwaa36cklys076ngppa7jwu,Parchment,Artistic depiction,images/cllwaa36cklys076ngppa7jwu.png,annotations/cllwaa36cklys076ngppa7jwu.png,annotations_rgb/cllwaa36cklys076ngppa7jwu.png,512,225
cllwaa36cklyw076n0xtz4c7v,Parchment,Artistic depiction,images/cllwaa36cklyw076n0xtz4c7v.png,annotations/cllwaa36cklyw076n0xtz4c7v.png,annotations_rgb/cllwaa36cklyw076n0xtz4c7v.png,512,224
cllwaa36cklz0076nehyh81fd,Lime plaster,Artistic depiction,images/cllwaa36cklz0076nehyh81fd.png,annotations/cllwaa36cklz0076nehyh81fd.png,annotations_rgb/cllwaa36cklz0076nehyh81fd.png,393,512
cllwaa36cklz4076n9d4h9m5a,Lime plaster,Artistic depiction,images/cllwaa36cklz4076n9d4h9m5a.png,annotations/cllwaa36cklz4076n9d4h9m5a.png,annotations_rgb/cllwaa36cklz4076n9d4h9m5a.png,334,512
cllwaa36cklz8076n33tl7szs,Lime plaster,Artistic depiction,images/cllwaa36cklz8076n33tl7szs.png,annotations/cllwaa36cklz8076n33tl7szs.png,annotations_rgb/cllwaa36cklz8076n33tl7szs.png,385,512
cllwaa36cklzg076naiy3htey,Parchment,Artistic depiction,images/cllwaa36cklzg076naiy3htey.png,annotations/cllwaa36cklzg076naiy3htey.png,annotations_rgb/cllwaa36cklzg076naiy3htey.png,382,512
cllwaa36cklzk076nafiq5q9m,Canvas,Artistic depiction,images/cllwaa36cklzk076nafiq5q9m.png,annotations/cllwaa36cklzk076nafiq5q9m.png,annotations_rgb/cllwaa36cklzk076nafiq5q9m.png,355,512
cllwaa36cklzo076n8c1fc37t,Canvas,Artistic depiction,images/cllwaa36cklzo076n8c1fc37t.png,annotations/cllwaa36cklzo076n8c1fc37t.png,annotations_rgb/cllwaa36cklzo076n8c1fc37t.png,439,512
cllwaa36cklzs076nfsj39ohc,Canvas,Artistic depiction,images/cllwaa36cklzs076nfsj39ohc.png,annotations/cllwaa36cklzs076nfsj39ohc.png,annotations_rgb/cllwaa36cklzs076nfsj39ohc.png,512,388
cllwaa36cklzw076n1itw2smq,Canvas,Artistic depiction,images/cllwaa36cklzw076n1itw2smq.png,annotations/cllwaa36cklzw076n1itw2smq.png,annotations_rgb/cllwaa36cklzw076n1itw2smq.png,386,512
cllwaa36ckm00076nadbn1t5w,Canvas,Artistic depiction,images/cllwaa36ckm00076nadbn1t5w.png,annotations/cllwaa36ckm00076nadbn1t5w.png,annotations_rgb/cllwaa36ckm00076nadbn1t5w.png,394,512
cllwaa36ckm04076nar4o0udk,Canvas,Artistic depiction,images/cllwaa36ckm04076nar4o0udk.png,annotations/cllwaa36ckm04076nar4o0udk.png,annotations_rgb/cllwaa36ckm04076nar4o0udk.png,382,512
cllwaa36ckm08076ndbx38m9w,Wood,Artistic depiction,images/cllwaa36ckm08076ndbx38m9w.png,annotations/cllwaa36ckm08076ndbx38m9w.png,annotations_rgb/cllwaa36ckm08076ndbx38m9w.png,268,512
cllwaa36ckm0c076n6gai951u,Wood,Artistic depiction,images/cllwaa36ckm0c076n6gai951u.png,annotations/cllwaa36ckm0c076n6gai951u.png,annotations_rgb/cllwaa36ckm0c076n6gai951u.png,275,512
cllwaa36ckm0g076nfcrg3w75,Wood,Artistic depiction,images/cllwaa36ckm0g076nfcrg3w75.png,annotations/cllwaa36ckm0g076nfcrg3w75.png,annotations_rgb/cllwaa36ckm0g076nfcrg3w75.png,273,512
cllwaa36dkm0k076neidl84lt,Wood,Artistic depiction,images/cllwaa36dkm0k076neidl84lt.png,annotations/cllwaa36dkm0k076neidl84lt.png,annotations_rgb/cllwaa36dkm0k076neidl84lt.png,274,512
cllwaa36dkm0o076n909a4b2j,Wood,Artistic depiction,images/cllwaa36dkm0o076n909a4b2j.png,annotations/cllwaa36dkm0o076n909a4b2j.png,annotations_rgb/cllwaa36dkm0o076n909a4b2j.png,276,512
cllwaa36dkm0s076nhaapcrvl,Wood,Artistic depiction,images/cllwaa36dkm0s076nhaapcrvl.png,annotations/cllwaa36dkm0s076nhaapcrvl.png,annotations_rgb/cllwaa36dkm0s076nhaapcrvl.png,271,512
cllwaa36dkm0w076n5tnwg4fj,Lime plaster,Artistic depiction,images/cllwaa36dkm0w076n5tnwg4fj.png,annotations/cllwaa36dkm0w076n5tnwg4fj.png,annotations_rgb/cllwaa36dkm0w076n5tnwg4fj.png,504,512
cllwaa36dkm14076n3bat99l1,Wood,Artistic depiction,images/cllwaa36dkm14076n3bat99l1.png,annotations/cllwaa36dkm14076n3bat99l1.png,annotations_rgb/cllwaa36dkm14076n3bat99l1.png,382,512
cllwaa36dkm18076n0rhc7lsj,Wood,Artistic depiction,images/cllwaa36dkm18076n0rhc7lsj.png,annotations/cllwaa36dkm18076n0rhc7lsj.png,annotations_rgb/cllwaa36dkm18076n0rhc7lsj.png,395,512
cllwaa36dkm1c076ncsg14ofo,Wood,Artistic depiction,images/cllwaa36dkm1c076ncsg14ofo.png,annotations/cllwaa36dkm1c076ncsg14ofo.png,annotations_rgb/cllwaa36dkm1c076ncsg14ofo.png,420,512
cllwaa36dkm1g076n9hvi2vit,Canvas,Artistic depiction,images/cllwaa36dkm1g076n9hvi2vit.png,annotations/cllwaa36dkm1g076n9hvi2vit.png,annotations_rgb/cllwaa36dkm1g076n9hvi2vit.png,353,512
cllwaawsn1eky077d0uco9706,Paper,Line art,images/cllwaawsn1eky077d0uco9706.png,annotations/cllwaawsn1eky077d0uco9706.png,annotations_rgb/cllwaawsn1eky077d0uco9706.png,512,413
cllwaawsn1el2077ddg3h14z1,Parchment,Artistic depiction,images/cllwaawsn1el2077ddg3h14z1.png,annotations/cllwaawsn1el2077ddg3h14z1.png,annotations_rgb/cllwaawsn1el2077ddg3h14z1.png,396,512
clm6rns212ei607174bg6gsxe,Paper,Artistic depiction,images/clm6rns212ei607174bg6gsxe.png,annotations/clm6rns212ei607174bg6gsxe.png,annotations_rgb/clm6rns212ei607174bg6gsxe.png,361,512
clm6rns212eia07171p9x0a2x,Paper,Artistic depiction,images/clm6rns212eia07171p9x0a2x.png,annotations/clm6rns212eia07171p9x0a2x.png,annotations_rgb/clm6rns212eia07171p9x0a2x.png,382,512
clm6rns212eie0717d8zrdkwi,Paper,Artistic depiction,images/clm6rns212eie0717d8zrdkwi.png,annotations/clm6rns212eie0717d8zrdkwi.png,annotations_rgb/clm6rns212eie0717d8zrdkwi.png,342,511
clm6rns212eii0717d940d8so,Lime plaster,Artistic depiction,images/clm6rns212eii0717d940d8so.png,annotations/clm6rns212eii0717d940d8so.png,annotations_rgb/clm6rns212eii0717d940d8so.png,511,462
clm6rns212eim0717duc43v4u,Paper,Artistic depiction,images/clm6rns212eim0717duc43v4u.png,annotations/clm6rns212eim0717duc43v4u.png,annotations_rgb/clm6rns212eim0717duc43v4u.png,511,410
clm6rns212eiq0717735ach0s,Paper,Photographic depiction,images/clm6rns212eiq0717735ach0s.png,annotations/clm6rns212eiq0717735ach0s.png,annotations_rgb/clm6rns212eiq0717735ach0s.png,408,512
clm6rns212eiu0717hm0zb6tw,Paper,Photographic depiction,images/clm6rns212eiu0717hm0zb6tw.png,annotations/clm6rns212eiu0717hm0zb6tw.png,annotations_rgb/clm6rns212eiu0717hm0zb6tw.png,354,512
clm6rns212eiy0717e5mf4751,Paper,Photographic depiction,images/clm6rns212eiy0717e5mf4751.png,annotations/clm6rns212eiy0717e5mf4751.png,annotations_rgb/clm6rns212eiy0717e5mf4751.png,340,512
clm6rns212ej20717bmikeyje,Paper,Photographic depiction,images/clm6rns212ej20717bmikeyje.png,annotations/clm6rns212ej20717bmikeyje.png,annotations_rgb/clm6rns212ej20717bmikeyje.png,512,379
clm6rns212ej60717cqxq8cnz,Paper,Line art,images/clm6rns212ej60717cqxq8cnz.png,annotations/clm6rns212ej60717cqxq8cnz.png,annotations_rgb/clm6rns212ej60717cqxq8cnz.png,512,412
clm6rns212eja0717gaqleg88,Paper,Photographic depiction,images/clm6rns212eja0717gaqleg88.png,annotations/clm6rns212eja0717gaqleg88.png,annotations_rgb/clm6rns212eja0717gaqleg88.png,360,512
clm6rns212eje0717fh1seq8h,Paper,Photographic depiction,images/clm6rns212eje0717fh1seq8h.png,annotations/clm6rns212eje0717fh1seq8h.png,annotations_rgb/clm6rns212eje0717fh1seq8h.png,398,512
clm6rns222eji07176sij9jd3,Paper,Artistic depiction,images/clm6rns222eji07176sij9jd3.png,annotations/clm6rns222eji07176sij9jd3.png,annotations_rgb/clm6rns222eji07176sij9jd3.png,343,512
clm6rns222ejm0717e3ceasxb,Paper,Artistic depiction,images/clm6rns222ejm0717e3ceasxb.png,annotations/clm6rns222ejm0717e3ceasxb.png,annotations_rgb/clm6rns222ejm0717e3ceasxb.png,259,512
clm6rns222ejq07179kt9350m,Paper,Artistic depiction,images/clm6rns222ejq07179kt9350m.png,annotations/clm6rns222ejq07179kt9350m.png,annotations_rgb/clm6rns222ejq07179kt9350m.png,330,512
clm6rns222eju0717fjci4m9f,Paper,Artistic depiction,images/clm6rns222eju0717fjci4m9f.png,annotations/clm6rns222eju0717fjci4m9f.png,annotations_rgb/clm6rns222eju0717fjci4m9f.png,344,512
clm6rns222ejy07179pphaizt,Paper,Geometric patterns,images/clm6rns222ejy07179pphaizt.png,annotations/clm6rns222ejy07179pphaizt.png,annotations_rgb/clm6rns222ejy07179pphaizt.png,512,345
clm6rns222ek2071770ms9k9f,Paper,Geometric patterns,images/clm6rns222ek2071770ms9k9f.png,annotations/clm6rns222ek2071770ms9k9f.png,annotations_rgb/clm6rns222ek2071770ms9k9f.png,512,327
clm6rns222ek607171rizgcxt,Paper,Geometric patterns,images/clm6rns222ek607171rizgcxt.png,annotations/clm6rns222ek607171rizgcxt.png,annotations_rgb/clm6rns222ek607171rizgcxt.png,512,408
clm6rns222eka07175gslhza2,Paper,Artistic depiction,images/clm6rns222eka07175gslhza2.png,annotations/clm6rns222eka07175gslhza2.png,annotations_rgb/clm6rns222eka07175gslhza2.png,378,512
clm6rns222eke07175s49g618,Parchment,Artistic depiction,images/clm6rns222eke07175s49g618.png,annotations/clm6rns222eke07175s49g618.png,annotations_rgb/clm6rns222eke07175s49g618.png,331,512
clm6rns222ekm07177r7mc6oy,Paper,Photographic depiction,images/clm6rns222ekm07177r7mc6oy.png,annotations/clm6rns222ekm07177r7mc6oy.png,annotations_rgb/clm6rns222ekm07177r7mc6oy.png,511,295
clm6rns222ekq07172o3u1og1,Paper,Artistic depiction,images/clm6rns222ekq07172o3u1og1.png,annotations/clm6rns222ekq07172o3u1og1.png,annotations_rgb/clm6rns222ekq07172o3u1og1.png,512,327
clm6rns222eku07176axj439g,Paper,Artistic depiction,images/clm6rns222eku07176axj439g.png,annotations/clm6rns222eku07176axj439g.png,annotations_rgb/clm6rns222eku07176axj439g.png,426,512
clm6rns222eky07173ejzdsxi,Paper,Artistic depiction,images/clm6rns222eky07173ejzdsxi.png,annotations/clm6rns222eky07173ejzdsxi.png,annotations_rgb/clm6rns222eky07173ejzdsxi.png,512,238
clm6rns232el60717abx83eef,Paper,Artistic depiction,images/clm6rns232el60717abx83eef.png,annotations/clm6rns232el60717abx83eef.png,annotations_rgb/clm6rns232el60717abx83eef.png,353,512
clm6rns232ela07176atxfx7h,Paper,Photographic depiction,images/clm6rns232ela07176atxfx7h.png,annotations/clm6rns232ela07176atxfx7h.png,annotations_rgb/clm6rns232ela07176atxfx7h.png,512,512
clm6rns232ele07179b7h7xpe,Paper,Artistic depiction,images/clm6rns232ele07179b7h7xpe.png,annotations/clm6rns232ele07179b7h7xpe.png,annotations_rgb/clm6rns232ele07179b7h7xpe.png,512,427
clm6rns232eli0717d2qihdx3,Paper,Photographic depiction,images/clm6rns232eli0717d2qihdx3.png,annotations/clm6rns232eli0717d2qihdx3.png,annotations_rgb/clm6rns232eli0717d2qihdx3.png,512,319
clm6rns232elm07173vk0gu0l,Paper,Photographic depiction,images/clm6rns232elm07173vk0gu0l.png,annotations/clm6rns232elm07173vk0gu0l.png,annotations_rgb/clm6rns232elm07173vk0gu0l.png,512,322
clm6rns232elq0717e38o82s0,Paper,Photographic depiction,images/clm6rns232elq0717e38o82s0.png,annotations/clm6rns232elq0717e38o82s0.png,annotations_rgb/clm6rns232elq0717e38o82s0.png,298,512
clm6rns232elu07174r2l0e6b,Paper,Photographic depiction,images/clm6rns232elu07174r2l0e6b.png,annotations/clm6rns232elu07174r2l0e6b.png,annotations_rgb/clm6rns232elu07174r2l0e6b.png,415,512
clm6rns232em207179tkd3bza,Paper,Photographic depiction,images/clm6rns232em207179tkd3bza.png,annotations/clm6rns232em207179tkd3bza.png,annotations_rgb/clm6rns232em207179tkd3bza.png,349,512
clm6rns232em607174cia77ki,Paper,Photographic depiction,images/clm6rns232em607174cia77ki.png,annotations/clm6rns232em607174cia77ki.png,annotations_rgb/clm6rns232em607174cia77ki.png,512,407
clm6rns232ema07172zf3h05f,Paper,Photographic depiction,images/clm6rns232ema07172zf3h05f.png,annotations/clm6rns232ema07172zf3h05f.png,annotations_rgb/clm6rns232ema07172zf3h05f.png,512,394
clm6rns232eme0717ce0qbf9s,Paper,Photographic depiction,images/clm6rns232eme0717ce0qbf9s.png,annotations/clm6rns232eme0717ce0qbf9s.png,annotations_rgb/clm6rns232eme0717ce0qbf9s.png,512,406
clm6rns232emi0717brzx5ixo,Paper,Photographic depiction,images/clm6rns232emi0717brzx5ixo.png,annotations/clm6rns232emi0717brzx5ixo.png,annotations_rgb/clm6rns232emi0717brzx5ixo.png,512,402
clm6rns232emm071764u24noc,Paper,Photographic depiction,images/clm6rns232emm071764u24noc.png,annotations/clm6rns232emm071764u24noc.png,annotations_rgb/clm6rns232emm071764u24noc.png,376,512
clm6rns232emq07173v7ibun1,Paper,Artistic depiction,images/clm6rns232emq07173v7ibun1.png,annotations/clm6rns232emq07173v7ibun1.png,annotations_rgb/clm6rns232emq07173v7ibun1.png,512,333
clm6rns232emu07173m4ffv1c,Paper,Photographic depiction,images/clm6rns232emu07173m4ffv1c.png,annotations/clm6rns232emu07173m4ffv1c.png,annotations_rgb/clm6rns232emu07173m4ffv1c.png,512,318
clm6rns242emy071795t6d03g,Paper,Artistic depiction,images/clm6rns242emy071795t6d03g.png,annotations/clm6rns242emy071795t6d03g.png,annotations_rgb/clm6rns242emy071795t6d03g.png,394,512
clm6rns242en207174pc05aej,Glass,Photographic depiction,images/clm6rns242en207174pc05aej.png,annotations/clm6rns242en207174pc05aej.png,annotations_rgb/clm6rns242en207174pc05aej.png,369,512
clm6rns242en607170cr40gty,Glass,Photographic depiction,images/clm6rns242en607170cr40gty.png,annotations/clm6rns242en607170cr40gty.png,annotations_rgb/clm6rns242en607170cr40gty.png,350,512
clm6rns242ena07174pq88sqb,Glass,Photographic depiction,images/clm6rns242ena07174pq88sqb.png,annotations/clm6rns242ena07174pq88sqb.png,annotations_rgb/clm6rns242ena07174pq88sqb.png,367,512
clm6rns242ene07170ph49bvm,Glass,Photographic depiction,images/clm6rns242ene07170ph49bvm.png,annotations/clm6rns242ene07170ph49bvm.png,annotations_rgb/clm6rns242ene07170ph49bvm.png,327,512
clm6rns242eni0717ckbycqei,Glass,Photographic depiction,images/clm6rns242eni0717ckbycqei.png,annotations/clm6rns242eni0717ckbycqei.png,annotations_rgb/clm6rns242eni0717ckbycqei.png,363,512
clmz8g6hg0058070l7isi4rfo,Paper,Photographic depiction,images/clmz8g6hg0058070l7isi4rfo.png,annotations/clmz8g6hg0058070l7isi4rfo.png,annotations_rgb/clmz8g6hg0058070l7isi4rfo.png,339,512
clmz8g6hg005c070lejhpap9w,Paper,Photographic depiction,images/clmz8g6hg005c070lejhpap9w.png,annotations/clmz8g6hg005c070lejhpap9w.png,annotations_rgb/clmz8g6hg005c070lejhpap9w.png,381,512
clmz8g6hg005g070l7dmr4qv7,Paper,Photographic depiction,images/clmz8g6hg005g070l7dmr4qv7.png,annotations/clmz8g6hg005g070l7dmr4qv7.png,annotations_rgb/clmz8g6hg005g070l7dmr4qv7.png,391,512
clmz8g6hg005k070l1zps2p99,Paper,Photographic depiction,images/clmz8g6hg005k070l1zps2p99.png,annotations/clmz8g6hg005k070l1zps2p99.png,annotations_rgb/clmz8g6hg005k070l1zps2p99.png,407,512
clmz8g6hg005o070lhkqa85hl,Paper,Photographic depiction,images/clmz8g6hg005o070lhkqa85hl.png,annotations/clmz8g6hg005o070lhkqa85hl.png,annotations_rgb/clmz8g6hg005o070lhkqa85hl.png,322,512
clmz8g6hh005s070ldpry5vy8,Paper,Photographic depiction,images/clmz8g6hh005s070ldpry5vy8.png,annotations/clmz8g6hh005s070ldpry5vy8.png,annotations_rgb/clmz8g6hh005s070ldpry5vy8.png,405,512
clmz8g6hh005w070l63epa0dl,Paper,Photographic depiction,images/clmz8g6hh005w070l63epa0dl.png,annotations/clmz8g6hh005w070l63epa0dl.png,annotations_rgb/clmz8g6hh005w070l63epa0dl.png,430,512
clmz8g6hh0060070l17rgb2h0,Paper,Photographic depiction,images/clmz8g6hh0060070l17rgb2h0.png,annotations/clmz8g6hh0060070l17rgb2h0.png,annotations_rgb/clmz8g6hh0060070l17rgb2h0.png,423,512
clmz8g6hh0064070le530eyt5,Paper,Photographic depiction,images/clmz8g6hh0064070le530eyt5.png,annotations/clmz8g6hh0064070le530eyt5.png,annotations_rgb/clmz8g6hh0064070le530eyt5.png,391,512
clmz8g6hh0068070ldrft25ao,Paper,Photographic depiction,images/clmz8g6hh0068070ldrft25ao.png,annotations/clmz8g6hh0068070ldrft25ao.png,annotations_rgb/clmz8g6hh0068070ldrft25ao.png,493,512
clmz8g6hh006c070l4l1u40bq,Paper,Photographic depiction,images/clmz8g6hh006c070l4l1u40bq.png,annotations/clmz8g6hh006c070l4l1u40bq.png,annotations_rgb/clmz8g6hh006c070l4l1u40bq.png,390,512
clmz8g6hh006g070lhni1d2sk,Paper,Photographic depiction,images/clmz8g6hh006g070lhni1d2sk.png,annotations/clmz8g6hh006g070lhni1d2sk.png,annotations_rgb/clmz8g6hh006g070lhni1d2sk.png,410,512
clmz8g6hh006k070l0jqdhy2b,Paper,Photographic depiction,images/clmz8g6hh006k070l0jqdhy2b.png,annotations/clmz8g6hh006k070l0jqdhy2b.png,annotations_rgb/clmz8g6hh006k070l0jqdhy2b.png,407,511
clmz8g6hh006o070l0cq8h1o8,Paper,Photographic depiction,images/clmz8g6hh006o070l0cq8h1o8.png,annotations/clmz8g6hh006o070l0cq8h1o8.png,annotations_rgb/clmz8g6hh006o070l0cq8h1o8.png,407,512
clmz8g6hh006s070l69d30s5r,Paper,Photographic depiction,images/clmz8g6hh006s070l69d30s5r.png,annotations/clmz8g6hh006s070l69d30s5r.png,annotations_rgb/clmz8g6hh006s070l69d30s5r.png,371,512
clmz8g6hh006w070lb3prdh24,Paper,Photographic depiction,images/clmz8g6hh006w070lb3prdh24.png,annotations/clmz8g6hh006w070lb3prdh24.png,annotations_rgb/clmz8g6hh006w070lb3prdh24.png,387,512
clmz8g6hi0070070lbu6ec635,Paper,Photographic depiction,images/clmz8g6hi0070070lbu6ec635.png,annotations/clmz8g6hi0070070lbu6ec635.png,annotations_rgb/clmz8g6hi0070070lbu6ec635.png,390,512
clmz8g6hi0078070lcp0u5rtm,Paper,Photographic depiction,images/clmz8g6hi0078070lcp0u5rtm.png,annotations/clmz8g6hi0078070lcp0u5rtm.png,annotations_rgb/clmz8g6hi0078070lcp0u5rtm.png,388,512
clmz8g6hi007c070l606m8qhy,Paper,Photographic depiction,images/clmz8g6hi007c070l606m8qhy.png,annotations/clmz8g6hi007c070l606m8qhy.png,annotations_rgb/clmz8g6hi007c070l606m8qhy.png,382,512
clmz8g6hi007g070l21po1bjg,Paper,Photographic depiction,images/clmz8g6hi007g070l21po1bjg.png,annotations/clmz8g6hi007g070l21po1bjg.png,annotations_rgb/clmz8g6hi007g070l21po1bjg.png,423,512
clmz8g6hi007k070l6n3tc3m6,Paper,Photographic depiction,images/clmz8g6hi007k070l6n3tc3m6.png,annotations/clmz8g6hi007k070l6n3tc3m6.png,annotations_rgb/clmz8g6hi007k070l6n3tc3m6.png,325,512
clmz8g6hi007o070l6fb6eq2d,Film emulsion,Photographic depiction,images/clmz8g6hi007o070l6fb6eq2d.png,annotations/clmz8g6hi007o070l6fb6eq2d.png,annotations_rgb/clmz8g6hi007o070l6fb6eq2d.png,512,341
clmz8g6hi007s070ldevo245y,Film emulsion,Photographic depiction,images/clmz8g6hi007s070ldevo245y.png,annotations/clmz8g6hi007s070ldevo245y.png,annotations_rgb/clmz8g6hi007s070ldevo245y.png,512,335
clmz8g6hi007w070l66ny6j7g,Film emulsion,Photographic depiction,images/clmz8g6hi007w070l66ny6j7g.png,annotations/clmz8g6hi007w070l66ny6j7g.png,annotations_rgb/clmz8g6hi007w070l66ny6j7g.png,512,313
clmz8g6hi0080070lhll7favg,Film emulsion,Photographic depiction,images/clmz8g6hi0080070lhll7favg.png,annotations/clmz8g6hi0080070lhll7favg.png,annotations_rgb/clmz8g6hi0080070lhll7favg.png,512,340
clmz8g6hi0084070l9dn5fywy,Film emulsion,Photographic depiction,images/clmz8g6hi0084070l9dn5fywy.png,annotations/clmz8g6hi0084070l9dn5fywy.png,annotations_rgb/clmz8g6hi0084070l9dn5fywy.png,512,378
clmz8g6hi0088070lgfwogllv,Film emulsion,Photographic depiction,images/clmz8g6hi0088070lgfwogllv.png,annotations/clmz8g6hi0088070lgfwogllv.png,annotations_rgb/clmz8g6hi0088070lgfwogllv.png,512,341
clmz8g6hi008c070lehzj0z8v,Film emulsion,Photographic depiction,images/clmz8g6hi008c070lehzj0z8v.png,annotations/clmz8g6hi008c070lehzj0z8v.png,annotations_rgb/clmz8g6hi008c070lehzj0z8v.png,512,326
clmz8g6hj008g070lgzwz77rw,Film emulsion,Photographic depiction,images/clmz8g6hj008g070lgzwz77rw.png,annotations/clmz8g6hj008g070lgzwz77rw.png,annotations_rgb/clmz8g6hj008g070lgzwz77rw.png,512,340
clmz8g6hj008k070l5bew4fp2,Film emulsion,Photographic depiction,images/clmz8g6hj008k070l5bew4fp2.png,annotations/clmz8g6hj008k070l5bew4fp2.png,annotations_rgb/clmz8g6hj008k070l5bew4fp2.png,512,342
clmz8g6hj008o070l0t2fgu6i,Film emulsion,Photographic depiction,images/clmz8g6hj008o070l0t2fgu6i.png,annotations/clmz8g6hj008o070l0t2fgu6i.png,annotations_rgb/clmz8g6hj008o070l0t2fgu6i.png,490,512
clmz8g6hj008s070le6q0h70x,Film emulsion,Photographic depiction,images/clmz8g6hj008s070le6q0h70x.png,annotations/clmz8g6hj008s070le6q0h70x.png,annotations_rgb/clmz8g6hj008s070le6q0h70x.png,512,316
clmz8g6hj008w070l9fk8f7tg,Film emulsion,Photographic depiction,images/clmz8g6hj008w070l9fk8f7tg.png,annotations/clmz8g6hj008w070l9fk8f7tg.png,annotations_rgb/clmz8g6hj008w070l9fk8f7tg.png,512,385
clmz8g6hj0090070l6ju05xzh,Film emulsion,Photographic depiction,images/clmz8g6hj0090070l6ju05xzh.png,annotations/clmz8g6hj0090070l6ju05xzh.png,annotations_rgb/clmz8g6hj0090070l6ju05xzh.png,512,483
clmz8g6hj0094070lfhdk7okr,Film emulsion,Photographic depiction,images/clmz8g6hj0094070lfhdk7okr.png,annotations/clmz8g6hj0094070lfhdk7okr.png,annotations_rgb/clmz8g6hj0094070lfhdk7okr.png,512,512
clmzfqu0x0e4o072labszbl9y,Paper,Photographic depiction,images/clmzfqu0x0e4o072labszbl9y.png,annotations/clmzfqu0x0e4o072labszbl9y.png,annotations_rgb/clmzfqu0x0e4o072labszbl9y.png,414,512
clmzfqu0y0e4s072le0daddyh,Paper,Photographic depiction,images/clmzfqu0y0e4s072le0daddyh.png,annotations/clmzfqu0y0e4s072le0daddyh.png,annotations_rgb/clmzfqu0y0e4s072le0daddyh.png,390,512
clmzfqu0y0e4w072l5ytz8ssv,Paper,Photographic depiction,images/clmzfqu0y0e4w072l5ytz8ssv.png,annotations/clmzfqu0y0e4w072l5ytz8ssv.png,annotations_rgb/clmzfqu0y0e4w072l5ytz8ssv.png,349,512
clmzfqu0y0e50072labqw12n3,Paper,Photographic depiction,images/clmzfqu0y0e50072labqw12n3.png,annotations/clmzfqu0y0e50072labqw12n3.png,annotations_rgb/clmzfqu0y0e50072labqw12n3.png,337,512
clmzfqu0y0e54072l0oxv9g64,Paper,Photographic depiction,images/clmzfqu0y0e54072l0oxv9g64.png,annotations/clmzfqu0y0e54072l0oxv9g64.png,annotations_rgb/clmzfqu0y0e54072l0oxv9g64.png,398,512
clmzfqu0y0e58072l06icc7ny,Paper,Artistic depiction,images/clmzfqu0y0e58072l06icc7ny.png,annotations/clmzfqu0y0e58072l06icc7ny.png,annotations_rgb/clmzfqu0y0e58072l06icc7ny.png,512,363
clmzfqu0y0e5c072l8exf2w8c,Paper,Photographic depiction,images/clmzfqu0y0e5c072l8exf2w8c.png,annotations/clmzfqu0y0e5c072l8exf2w8c.png,annotations_rgb/clmzfqu0y0e5c072l8exf2w8c.png,512,336
clmzfqu0y0e5g072lfizb3kak,Paper,Artistic depiction,images/clmzfqu0y0e5g072lfizb3kak.png,annotations/clmzfqu0y0e5g072lfizb3kak.png,annotations_rgb/clmzfqu0y0e5g072lfizb3kak.png,512,332
clmzfqu0y0e5k072l81ww3qa6,Paper,Photographic depiction,images/clmzfqu0y0e5k072l81ww3qa6.png,annotations/clmzfqu0y0e5k072l81ww3qa6.png,annotations_rgb/clmzfqu0y0e5k072l81ww3qa6.png,512,342
clmzfqu0y0e5o072lhn4160vh,Paper,Photographic depiction,images/clmzfqu0y0e5o072lhn4160vh.png,annotations/clmzfqu0y0e5o072lhn4160vh.png,annotations_rgb/clmzfqu0y0e5o072lhn4160vh.png,327,512
clmzfqu0y0e5s072l33ym8x3a,Paper,Photographic depiction,images/clmzfqu0y0e5s072l33ym8x3a.png,annotations/clmzfqu0y0e5s072l33ym8x3a.png,annotations_rgb/clmzfqu0y0e5s072l33ym8x3a.png,512,296
clmzfqu0y0e5w072lck481it4,Film emulsion,Photographic depiction,images/clmzfqu0y0e5w072lck481it4.png,annotations/clmzfqu0y0e5w072lck481it4.png,annotations_rgb/clmzfqu0y0e5w072lck481it4.png,512,387
clmzfqu0y0e60072lf9tqe9xt,Paper,Photographic depiction,images/clmzfqu0y0e60072lf9tqe9xt.png,annotations/clmzfqu0y0e60072lf9tqe9xt.png,annotations_rgb/clmzfqu0y0e60072lf9tqe9xt.png,406,512
clmzfqu0y0e64072l628e6cy7,Paper,Photographic depiction,images/clmzfqu0y0e64072l628e6cy7.png,annotations/clmzfqu0y0e64072l628e6cy7.png,annotations_rgb/clmzfqu0y0e64072l628e6cy7.png,433,512
clmzfqu0y0e68072ldr752piz,Paper,Photographic depiction,images/clmzfqu0y0e68072ldr752piz.png,annotations/clmzfqu0y0e68072ldr752piz.png,annotations_rgb/clmzfqu0y0e68072ldr752piz.png,512,357
clnixp5ox01nr0749529m6kvt,Paper,Photographic depiction,images/clnixp5ox01nr0749529m6kvt.png,annotations/clnixp5ox01nr0749529m6kvt.png,annotations_rgb/clnixp5ox01nr0749529m6kvt.png,472,512
clnixp5oy01nv07497ryt7zj9,Paper,Photographic depiction,images/clnixp5oy01nv07497ryt7zj9.png,annotations/clnixp5oy01nv07497ryt7zj9.png,annotations_rgb/clnixp5oy01nv07497ryt7zj9.png,512,510
clnixp5oy01nz0749033g95ho,Paper,Photographic depiction,images/clnixp5oy01nz0749033g95ho.png,annotations/clnixp5oy01nz0749033g95ho.png,annotations_rgb/clnixp5oy01nz0749033g95ho.png,512,432
clnixp5oy01o307490y3tbq1x,Paper,Photographic depiction,images/clnixp5oy01o307490y3tbq1x.png,annotations/clnixp5oy01o307490y3tbq1x.png,annotations_rgb/clnixp5oy01o307490y3tbq1x.png,512,380
clnixp5oy01o70749692gel37,Paper,Photographic depiction,images/clnixp5oy01o70749692gel37.png,annotations/clnixp5oy01o70749692gel37.png,annotations_rgb/clnixp5oy01o70749692gel37.png,334,512
clnixp5oy01ob0749aaj03bpt,Paper,Photographic depiction,images/clnixp5oy01ob0749aaj03bpt.png,annotations/clnixp5oy01ob0749aaj03bpt.png,annotations_rgb/clnixp5oy01ob0749aaj03bpt.png,331,512
clnixp5oy01of07499xk81ezm,Glass,Photographic depiction,images/clnixp5oy01of07499xk81ezm.png,annotations/clnixp5oy01of07499xk81ezm.png,annotations_rgb/clnixp5oy01of07499xk81ezm.png,512,395
clnixp5oy01oj07497sbe5eqv,Paper,Photographic depiction,images/clnixp5oy01oj07497sbe5eqv.png,annotations/clnixp5oy01oj07497sbe5eqv.png,annotations_rgb/clnixp5oy01oj07497sbe5eqv.png,512,324
clnixp5oy01on0749eml0djuo,Paper,Photographic depiction,images/clnixp5oy01on0749eml0djuo.png,annotations/clnixp5oy01on0749eml0djuo.png,annotations_rgb/clnixp5oy01on0749eml0djuo.png,317,512
clnixp5oy01or074973n6hp7y,Paper,Photographic depiction,images/clnixp5oy01or074973n6hp7y.png,annotations/clnixp5oy01or074973n6hp7y.png,annotations_rgb/clnixp5oy01or074973n6hp7y.png,512,374
clnixsunx0g82072o5hs88kxg,Lime plaster,Artistic depiction,images/clnixsunx0g82072o5hs88kxg.png,annotations/clnixsunx0g82072o5hs88kxg.png,annotations_rgb/clnixsunx0g82072o5hs88kxg.png,339,512
clnofow7h00mi076u5c2ua02m,Canvas,Artistic depiction,images/clnofow7h00mi076u5c2ua02m.png,annotations/clnofow7h00mi076u5c2ua02m.png,annotations_rgb/clnofow7h00mi076u5c2ua02m.png,381,512
clnofow7h00mm076u86e33vw0,Lime plaster,Artistic depiction,images/clnofow7h00mm076u86e33vw0.png,annotations/clnofow7h00mm076u86e33vw0.png,annotations_rgb/clnofow7h00mm076u86e33vw0.png,323,512
clnofow7i00mq076u7uvth9s8,Lime plaster,Artistic depiction,images/clnofow7i00mq076u7uvth9s8.png,annotations/clnofow7i00mq076u7uvth9s8.png,annotations_rgb/clnofow7i00mq076u7uvth9s8.png,512,262
clnofow7i00mu076u8a2sgpp6,Tesserae,Artistic depiction,images/clnofow7i00mu076u8a2sgpp6.png,annotations/clnofow7i00mu076u8a2sgpp6.png,annotations_rgb/clnofow7i00mu076u8a2sgpp6.png,512,307
clnofow7i00my076u4pok7wu3,Lime plaster,Artistic depiction,images/clnofow7i00my076u4pok7wu3.png,annotations/clnofow7i00my076u4pok7wu3.png,annotations_rgb/clnofow7i00my076u4pok7wu3.png,341,512
clnofow7i00n2076ubpfodf4d,Wood,Artistic depiction,images/clnofow7i00n2076ubpfodf4d.png,annotations/clnofow7i00n2076ubpfodf4d.png,annotations_rgb/clnofow7i00n2076ubpfodf4d.png,305,512
clnofow7i00n6076u7lghedvm,Paper,Artistic depiction,images/clnofow7i00n6076u7lghedvm.png,annotations/clnofow7i00n6076u7lghedvm.png,annotations_rgb/clnofow7i00n6076u7lghedvm.png,395,512
clnofow7i00na076u6aoee0n4,Paper,Artistic depiction,images/clnofow7i00na076u6aoee0n4.png,annotations/clnofow7i00na076u6aoee0n4.png,annotations_rgb/clnofow7i00na076u6aoee0n4.png,398,512
clnofow7i00ne076u8eyxdaf1,Lime plaster,Artistic depiction,images/clnofow7i00ne076u8eyxdaf1.png,annotations/clnofow7i00ne076u8eyxdaf1.png,annotations_rgb/clnofow7i00ne076u8eyxdaf1.png,512,301
clnofow7i00ni076u4k319he1,Canvas,Artistic depiction,images/clnofow7i00ni076u4k319he1.png,annotations/clnofow7i00ni076u4k319he1.png,annotations_rgb/clnofow7i00ni076u4k319he1.png,384,512
clnofow7i00nm076ugm8gafpf,Paper,Artistic depiction,images/clnofow7i00nm076ugm8gafpf.png,annotations/clnofow7i00nm076ugm8gafpf.png,annotations_rgb/clnofow7i00nm076ugm8gafpf.png,386,512
clnofow7i00nq076ugocjcxv0,Paper,Artistic depiction,images/clnofow7i00nq076ugocjcxv0.png,annotations/clnofow7i00nq076ugocjcxv0.png,annotations_rgb/clnofow7i00nq076ugocjcxv0.png,389,512
clnofow7i00nu076ueh9mh13j,Lime plaster,Artistic depiction,images/clnofow7i00nu076ueh9mh13j.png,annotations/clnofow7i00nu076ueh9mh13j.png,annotations_rgb/clnofow7i00nu076ueh9mh13j.png,495,512
clnofow7i00ny076ucm2qdhx4,Canvas,Artistic depiction,images/clnofow7i00ny076ucm2qdhx4.png,annotations/clnofow7i00ny076ucm2qdhx4.png,annotations_rgb/clnofow7i00ny076ucm2qdhx4.png,431,512
clnofow7i00o2076u6ez5470b,Paper,Line art,images/clnofow7i00o2076u6ez5470b.png,annotations/clnofow7i00o2076u6ez5470b.png,annotations_rgb/clnofow7i00o2076u6ez5470b.png,512,398
clnofow7j00o6076ugs3ubrsu,Lime plaster,Artistic depiction,images/clnofow7j00o6076ugs3ubrsu.png,annotations/clnofow7j00o6076ugs3ubrsu.png,annotations_rgb/clnofow7j00o6076ugs3ubrsu.png,512,232
clnofow7j00oa076ub9flf9g8,Canvas,Artistic depiction,images/clnofow7j00oa076ub9flf9g8.png,annotations/clnofow7j00oa076ub9flf9g8.png,annotations_rgb/clnofow7j00oa076ub9flf9g8.png,410,512
clnofp0ad0ezd073rgy3a3chw,Paper,Artistic depiction,images/clnofp0ad0ezd073rgy3a3chw.png,annotations/clnofp0ad0ezd073rgy3a3chw.png,annotations_rgb/clnofp0ad0ezd073rgy3a3chw.png,288,512
clnret4ua337b0849gemwq1b2,Glass,Photographic depiction,images/clnret4ua337b0849gemwq1b2.png,annotations/clnret4ua337b0849gemwq1b2.png,annotations_rgb/clnret4ua337b0849gemwq1b2.png,344,512
clnret4ua337c0849lagglir2,Paper,Photographic depiction,images/clnret4ua337c0849lagglir2.png,annotations/clnret4ua337c0849lagglir2.png,annotations_rgb/clnret4ua337c0849lagglir2.png,284,512
clnret4ua337d0849y4124w0i,Glass,Photographic depiction,images/clnret4ua337d0849y4124w0i.png,annotations/clnret4ua337d0849y4124w0i.png,annotations_rgb/clnret4ua337d0849y4124w0i.png,302,512
clnrm7fvu092e07849q7pzcl7,Canvas,Artistic depiction,images/clnrm7fvu092e07849q7pzcl7.png,annotations/clnrm7fvu092e07849q7pzcl7.png,annotations_rgb/clnrm7fvu092e07849q7pzcl7.png,512,448
clnrm7fvu092f0784yr3p2x05,Lime plaster,Artistic depiction,images/clnrm7fvu092f0784yr3p2x05.png,annotations/clnrm7fvu092f0784yr3p2x05.png,annotations_rgb/clnrm7fvu092f0784yr3p2x05.png,512,455
clnrm7fvu092g0784ziec2jfm,Canvas,Artistic depiction,images/clnrm7fvu092g0784ziec2jfm.png,annotations/clnrm7fvu092g0784ziec2jfm.png,annotations_rgb/clnrm7fvu092g0784ziec2jfm.png,512,342
clnrm7fvu092h078498q56ug9,Tesserae,Geometric patterns,images/clnrm7fvu092h078498q56ug9.png,annotations/clnrm7fvu092h078498q56ug9.png,annotations_rgb/clnrm7fvu092h078498q56ug9.png,501,512
clnrm7fvu092i0784i6t4oeup,Tesserae,Artistic depiction,images/clnrm7fvu092i0784i6t4oeup.png,annotations/clnrm7fvu092i0784i6t4oeup.png,annotations_rgb/clnrm7fvu092i0784i6t4oeup.png,512,338
clnrm7fvu092j0784o5042q0m,Tesserae,Geometric patterns,images/clnrm7fvu092j0784o5042q0m.png,annotations/clnrm7fvu092j0784o5042q0m.png,annotations_rgb/clnrm7fvu092j0784o5042q0m.png,370,512
clnrm7fvu092k0784qrrjmurr,Lime plaster,Artistic depiction,images/clnrm7fvu092k0784qrrjmurr.png,annotations/clnrm7fvu092k0784qrrjmurr.png,annotations_rgb/clnrm7fvu092k0784qrrjmurr.png,442,512
clnrm7fvu092l07845ms6lkcd,Tesserae,Geometric patterns,images/clnrm7fvu092l07845ms6lkcd.png,annotations/clnrm7fvu092l07845ms6lkcd.png,annotations_rgb/clnrm7fvu092l07845ms6lkcd.png,512,460
clnrm7fvu092m0784hbowlfir,Paper,Photographic depiction,images/clnrm7fvu092m0784hbowlfir.png,annotations/clnrm7fvu092m0784hbowlfir.png,annotations_rgb/clnrm7fvu092m0784hbowlfir.png,512,331
clnrm7fvu092n0784q3eue85l,Paper,Photographic depiction,images/clnrm7fvu092n0784q3eue85l.png,annotations/clnrm7fvu092n0784q3eue85l.png,annotations_rgb/clnrm7fvu092n0784q3eue85l.png,512,324
clnrm7fvu092o0784myptfodp,Lime plaster,Artistic depiction,images/clnrm7fvu092o0784myptfodp.png,annotations/clnrm7fvu092o0784myptfodp.png,annotations_rgb/clnrm7fvu092o0784myptfodp.png,423,512
clnrm7fvu092p0784xjc5f01g,Canvas,Artistic depiction,images/clnrm7fvu092p0784xjc5f01g.png,annotations/clnrm7fvu092p0784xjc5f01g.png,annotations_rgb/clnrm7fvu092p0784xjc5f01g.png,366,512
clnrm7fvu092q07840tq9zs03,Wood,Artistic depiction,images/clnrm7fvu092q07840tq9zs03.png,annotations/clnrm7fvu092q07840tq9zs03.png,annotations_rgb/clnrm7fvu092q07840tq9zs03.png,286,512
clnrm7fvu092r0784a6p2m5li,Wood,Artistic depiction,images/clnrm7fvu092r0784a6p2m5li.png,annotations/clnrm7fvu092r0784a6p2m5li.png,annotations_rgb/clnrm7fvu092r0784a6p2m5li.png,304,512
clnrm7fvu092s0784tgwccewe,Wood,Artistic depiction,images/clnrm7fvu092s0784tgwccewe.png,annotations/clnrm7fvu092s0784tgwccewe.png,annotations_rgb/clnrm7fvu092s0784tgwccewe.png,455,512
clnrm7fvu092t0784ltljhiu0,Wood,Artistic depiction,images/clnrm7fvu092t0784ltljhiu0.png,annotations/clnrm7fvu092t0784ltljhiu0.png,annotations_rgb/clnrm7fvu092t0784ltljhiu0.png,512,202
clnrm7fvu092u0784jhmxuf7a,Canvas,Artistic depiction,images/clnrm7fvu092u0784jhmxuf7a.png,annotations/clnrm7fvu092u0784jhmxuf7a.png,annotations_rgb/clnrm7fvu092u0784jhmxuf7a.png,389,512
clnrm7fvu092v0784d6yvtz08,Paper,Photographic depiction,images/clnrm7fvu092v0784d6yvtz08.png,annotations/clnrm7fvu092v0784d6yvtz08.png,annotations_rgb/clnrm7fvu092v0784d6yvtz08.png,356,512
clnw8qvz74bhj0715tx2qksf7,Glass,Artistic depiction,images/clnw8qvz74bhj0715tx2qksf7.png,annotations/clnw8qvz74bhj0715tx2qksf7.png,annotations_rgb/clnw8qvz74bhj0715tx2qksf7.png,358,512
clnw8qvz74bhk071518tf3ef8,Glass,Artistic depiction,images/clnw8qvz74bhk071518tf3ef8.png,annotations/clnw8qvz74bhk071518tf3ef8.png,annotations_rgb/clnw8qvz74bhk071518tf3ef8.png,368,512
clnx4zxsydtwu0765mxm8a87q,Textile,Geometric patterns,images/clnx4zxsydtwu0765mxm8a87q.png,annotations/clnx4zxsydtwu0765mxm8a87q.png,annotations_rgb/clnx4zxsydtwu0765mxm8a87q.png,357,512
clnx4zxsydtwv0765v493imng,Paper,Line art,images/clnx4zxsydtwv0765v493imng.png,annotations/clnx4zxsydtwv0765v493imng.png,annotations_rgb/clnx4zxsydtwv0765v493imng.png,512,310
clnx4zxsydtww07658k3khq4y,Canvas,Artistic depiction,images/clnx4zxsydtww07658k3khq4y.png,annotations/clnx4zxsydtww07658k3khq4y.png,annotations_rgb/clnx4zxsydtww07658k3khq4y.png,352,512
clnx4zxsydtwx07655nn6zf20,Paper,Photographic depiction,images/clnx4zxsydtwx07655nn6zf20.png,annotations/clnx4zxsydtwx07655nn6zf20.png,annotations_rgb/clnx4zxsydtwx07655nn6zf20.png,271,512
clnx4zxsydtwz0765i3pawxg7,Paper,Artistic depiction,images/clnx4zxsydtwz0765i3pawxg7.png,annotations/clnx4zxsydtwz0765i3pawxg7.png,annotations_rgb/clnx4zxsydtwz0765i3pawxg7.png,361,512
clnx4zxsydtx007658i15gtmu,Paper,Artistic depiction,images/clnx4zxsydtx007658i15gtmu.png,annotations/clnx4zxsydtx007658i15gtmu.png,annotations_rgb/clnx4zxsydtx007658i15gtmu.png,362,512
clnx4zxsydtx10765dari5o7p,Paper,Artistic depiction,images/clnx4zxsydtx10765dari5o7p.png,annotations/clnx4zxsydtx10765dari5o7p.png,annotations_rgb/clnx4zxsydtx10765dari5o7p.png,512,345
clnx4zxsydtx20765ggisdrlq,Paper,Photographic depiction,images/clnx4zxsydtx20765ggisdrlq.png,annotations/clnx4zxsydtx20765ggisdrlq.png,annotations_rgb/clnx4zxsydtx20765ggisdrlq.png,309,512
clnyfgrj6r95c0715xnrwwoyv,Textile,Artistic depiction,images/clnyfgrj6r95c0715xnrwwoyv.png,annotations/clnyfgrj6r95c0715xnrwwoyv.png,annotations_rgb/clnyfgrj6r95c0715xnrwwoyv.png,369,512
clnyfgrj6r95d0715tmj5w08z,Textile,Artistic depiction,images/clnyfgrj6r95d0715tmj5w08z.png,annotations/clnyfgrj6r95d0715tmj5w08z.png,annotations_rgb/clnyfgrj6r95d0715tmj5w08z.png,512,498
clnyfgrj6r95e0715iwt8pchk,Textile,Artistic depiction,images/clnyfgrj6r95e0715iwt8pchk.png,annotations/clnyfgrj6r95e0715iwt8pchk.png,annotations_rgb/clnyfgrj6r95e0715iwt8pchk.png,349,512
clnyfgrj6r95f0715mokgz7xa,Tesserae,Artistic depiction,images/clnyfgrj6r95f0715mokgz7xa.png,annotations/clnyfgrj6r95f0715mokgz7xa.png,annotations_rgb/clnyfgrj6r95f0715mokgz7xa.png,512,460
clnyfgrj6r95g0715twn7zzn2,Textile,Geometric patterns,images/clnyfgrj6r95g0715twn7zzn2.png,annotations/clnyfgrj6r95g0715twn7zzn2.png,annotations_rgb/clnyfgrj6r95g0715twn7zzn2.png,512,489
